program_id,has_onchain_idl,verified_build,verified_owned,eligible_for_stage_c,verification_source,verification_error,idl_account,error
1Zx9vyjZLMJqsFyZxraPBww4SrSPXwHt7HFbtwpfCmA,false,true,false,false,pre-verified-input,,3gstv6PipLqCKkbPRCyP7oGdr6KMNZ2CaJgYoyaawrC8,
1idUSy4MGGKyKhvjSnGZ6Zc7Q4eKQcibym4BkEEw9KR,false,true,false,false,pre-verified-input,,8bEUxkpw96KC3WW3JfFZ2emB7Z7hKTv6Tuven2NPsuR4,
1uteB5DZdNfns9B12rgGf5msKh1d7FbbkvciWmhsZiC,true,true,true,true,pre-verified-input,,6rLWyWykjmJRbG8gqmUyH8BGK73c6QtP4WoB6vXuJi7R,
12UJoD4VRHneWXoy1j4k3KTACP8ZYX55sS4sbwzuk8KF,false,true,false,false,pre-verified-input,,6eQBMARHirznJnKcydzttnAFCEoZFojmiy9EUykPS6t4,
12b3t1cNiAUoYLiWFEnFa4w6qYxVAiqCWU7KZuzLPYtH,true,true,true,true,pre-verified-input,,5t8QEJf4t76o87WB2yuG4CUGhydJ1eyHd496xgpLf97D,
12qG65pCn4RdtNbG6MyqS5yFjQo5qvabMAj2jLtbZN14,true,true,true,true,pre-verified-input,,B6a1MErn1FjunNbP82pnzeVdeFeWrpyDQYbTbX1Ccdnm,
12wpf4YZ2z3rLqyBP1dKkXQuNuz8i1bt4LWEPWuiABXN,false,true,false,false,pre-verified-input,,6sEGPwVYbD5WwibGGDxJpF4Nrgb3SbLzWfcHFKUAuXvB,
14XDwwZQABkP3A8AqymsThii5o3FLULxZqLCkGbX1hHp,false,true,false,false,pre-verified-input,,9EytQLgV2meSsEkjnYz2CHRMTEjT5HQcp7Zx63r1ffeG,
5uawA6ehYTu69Ggvm3LSK84qFawPKxbWgfngwj15NRJ,true,true,true,true,pre-verified-input,,5jM8A4AsYNWtHDm45d2sJkGJ77aFn3bS3uoLTg64y1Px,
AddressLookupTab1e1111111111111111111111111,false,true,false,false,pre-verified-input,,5qbNC7buk6W1hqXdgWfHQtJivpnU4h8k6MetQMdXjeB6,
CP1yRKgSqYFosUQ8CBjooLheAKKfKDVq93RGwarKAs1,false,true,false,false,pre-verified-input,,DjmxB57E1m9gSawPBMfs8wWHHfaSSEdoeqtvMbrsQm1C,
CSgoqaRA4ckXXDZRfS87hCSPsAuST7KSeyx8okT49cM,false,true,false,false,pre-verified-input,,Cns6crk6QRDYfW31QaUv9AYywsbjY9nSBSeWnPCz83pm,
Config1111111111111111111111111111111111111,false,true,false,false,pre-verified-input,,BKqneS53EdjQZwB97gjchAjHoLwe3AzzRQyp4NpPbmRK,
FSoLvf9dv17a4DzMGYKxqFnDGj9EiXRW5wKrwQ39UDH,false,true,false,false,pre-verified-input,,3L2ybYbW2Zk3vPb8qDB2TEmTkZ22XuW4kxER5PZJd3k3,
Feature111111111111111111111111111111111111,false,true,false,false,pre-verified-input,,CgHa5FWsxueDq5st8jPJ5wDwXhstQ4G3e7sbAH9tjD9E,
GooseA4bSoxitTMPa4ppe2zUQ9fu4139u8pEk6x65SR,false,true,false,false,pre-verified-input,,FS2ec53zcLh2vAPq8r8cMxUmR4fejcFW193Th6hSTegD,
JPDGXJky3iRkPmJx3cixg5cxJGGwP9kXBJzMpT5GLir,true,true,true,true,pre-verified-input,,8CKXoZTfK3Zu1D6p4h3qhSe4W8198SR2GGvfiEfem1a7,
JsNFnUs9e2vDk3mUR5hjVr69j6JpM4VtoDk7QiZUSPL,false,true,false,false,pre-verified-input,,CHRrA6eH8mQ4HudTHkVDGuwh87GMKxC2JKruJAVQceLo,
KLend2g3cP87fffoy8q1mQqGKjrxjC8boSyAYavgmjD,true,true,true,true,pre-verified-input,,8qLKwp1fk8WyqmzarkuMeZEX3AzL4VDSmA2UZTKT2aCJ,
KvauGMspG5k6rtzrqqn7WNn3oZdyKqLKwK2XWQ8FLjd,true,true,true,true,pre-verified-input,,CEMRqxNQ9UKW5LaxGwFSbYY63DCyHwpX2XYKcyDmmdVL,
L2TExMFKdjpN9kozasaurPirfHy9P8sbXoAN1qA3S95,false,true,false,false,pre-verified-input,,AGKS3aDnmYMSJCadrm4PtqnKFqQMsbzYvEY2GtdDrqJK,
LFfJcgJCCXkGG9hLn8yRKeqm7yK9WHSHAvXzkbgZGmW,false,true,false,false,pre-verified-input,,2fiyudyGzv6Ftft1DSGXjWX3Fwp21PFUKsFeL9JpNjyU,
LPAtdQ9sYQGXNs3RejVcWgi2u516nedpHABdwzmQish,false,true,false,false,pre-verified-input,,49wkEAHypnZcLg4JWWjVWP2ndmNqhYpwRZyznQ48gWss,
LPMWczEVgXyQ3979XaqqEttanCXmYGvtJqPVtw1PvC8,true,true,true,true,pre-verified-input,,5gTRVPUBFZPTZHynzTqqr44n1ikp2Qde6bhCNxQq96Fy,
LStwN2E5Uw6MCtuxHRLhy8RY9hxqW2XRpLzettb696y,false,true,false,false,pre-verified-input,,GbCjeZcVTNV6yNb2DRV8EsuPStY86ebuLserecva9qWc,
LazorjRFNavitUaBu5m3WaNPjU1maipvSW2rZfAFAKi,false,true,false,false,pre-verified-input,,7EfhorpiwyTMiCr4di5WiF3x2K6bL2cYzjAKHwNq3ucC,
LiQnowFbFQdYyZhF4pUbpsrZCjxRTQ1upKJxZ2VXjde,true,true,true,true,pre-verified-input,,7wL1gaDP5d7aGCtvGFkmx3fuGVsvva47uE97ybZ1eyLs,
Liquidbdbaw2nFfqbjGGggc4vr4m48sfLzkAoQ7sw4n,false,true,false,false,pre-verified-input,,8g4DZzzMFBexLixZKC9nYGBo1T58a2fLKAGp7QR1cyX9,
Lom9TMiPbqkXk8ddFooUY1gbHqt87TCmVfTfv8AHgYx,false,true,false,false,pre-verified-input,,9KoWZccMBPPWcGK4mSgXNAdD2Y36VRH4N7PhYczFfvba,
LomP48F7bLbKyMRHHsDVt7wuHaUQvQnVVspjcbfuAek,true,true,true,true,pre-verified-input,,2htH1Xbhaprybjfb6F9NrCSQia6QvqjGEwyyXz1Tabxb,
Lomb8TTCwJKEhZrJ1J8UbsCRjNSf7NNQUEr4qo3dkSk,false,true,false,false,pre-verified-input,,4tWKVrrTXGqEGJbaQNMz6eM9aaWPc9SGkMXCdZD4LfiD,
LomeavGUocL4Rn5TboDYFQEwUp3wBKodUTRKE8KqbE6,false,true,false,false,pre-verified-input,,FhpXvAqAB3xadtqbHGQdJWN9L2kKPatpDAX5AJLLvyLU,
Lomsq4ZNkZQGysC1pQc2NqNiAbXQm6C8nLmKcUoESEA,false,true,false,false,pre-verified-input,,HEtQoTWyF34PHsZakY5ZK6ihAzqd8P5wKW3fAVK6WtVz,
LomuEULX7VPwCBVTjxsgFjBLz7HJwE8V1DyaSqXj1dc,false,true,false,false,pre-verified-input,,GkFw1bb7oJ3tV6cViqJd4CMGkegJUHGFw8wRPSARig63,
Lomva5kTftuXE8992qRufkaeq3XrXV47qv3C1W9xW6Z,false,true,false,false,pre-verified-input,,AXSxWEVmHGYu87NsQjChH9H2aA1s2875JMeig86Jh51R,
LomyRmBeQiuqiwcPmr23RRA1SMLAuDEgj5tHHe7rsDn,false,true,false,false,pre-verified-input,,HnDCWqkfVgkjEQMKDQ7z8vzSEstDrZkBAkpnwHTEYEd1,
LootPA5hJEEsBNz6WcDY2CnS9UZe1f34n9pfuqVLkqk,true,true,true,true,pre-verified-input,,28jAt8Lj4a6Ce6DWBKWFBWDMjRh1QuxqCW8R9CcknrJR,
LuxnEkqEwYi9VGxGd5oyc7ddHHYCEhnq42ZrGeYfzgg,false,true,false,false,pre-verified-input,,7vcUWShhh3QvQtaEqA9xRpnz7Rs8nTonfcQ3v9eomVPo,
LvPibsi1V7z71Nmqt3pnafDBgaoeMhiwNVDYMdYc2tG,false,true,false,false,pre-verified-input,,GZZcrFMDjmr1RzeKKEZRWYmpq4T48syRVf7u1bvR2QLy,
MAC1H4FiknRdqG7DdEmQXgdp688w8Zo5t44T3CsKt3P,false,true,false,false,pre-verified-input,,7nbPe5tAoVsdwpbR5yPPXrx9JyxbRBV2KvdQRJitCbLZ,
MDF1kkcgJqyizY8k3U1ESAxLBYFYmE3qTwxf2pmGE1s,false,true,false,false,pre-verified-input,,9Woii7j4ZhKsFKQKEtqp4PbHJ1fo9ByuaFtGPVZty96q,
MFJTHPwiRg8FmQDsnwCd82aGGfHXGgR6PdJkVRcqN2T,false,true,false,false,pre-verified-input,,96LGYNbGbfEW3oAsAmjz6DD48XgwxNgNJs5gpriqukYg,
MFv2hWf31Z9kbCa1snEPYctwafyhdvnV7FZnsebVacA,true,true,true,true,pre-verified-input,,9tb2tzSkQqDng2h8dC2xbuKHfQpmPoZP4vnd5Y1rkmmK,
MNFSTqtC93rEfYHB6hF82sKdZpUDFWkViLByLd1k1Ms,false,true,false,false,pre-verified-input,,x8TYLbAk5vCdZ7Arv3GuNmNQAinN76euQkNc54bofuV,
MPL4o4wMzndgh8T1NVDxELQCj5UQfYTYEkabX3wNKtb,false,true,false,false,pre-verified-input,,GpcgzWyuoTssVfQnMWcyMcjW3cp32MyP7MTvMs6iynWA,
MTA14NBri1ojys9tnxYuRKHTtVNAssT9bHo5Lt21vDa,false,true,false,false,pre-verified-input,,3Kssr3pWSwmsza2vsrkoHALqtHUPAv4Wg86VCdc2hEX1,
Memo4c2pN8afCj432Lb7RMVKi9PbQnnW7ewFFaV3oAH,false,true,false,false,pre-verified-input,,EABZWYXm8gUM8oQco1pfhaeBi9FguYC2pCRxvHcEEvm1,
MidasZepq8k2oFNCCm1rm31rbbj68JSPJeXwqQu6NfZ,false,true,false,false,pre-verified-input,,81uCMben4RiQbszzqKh2UuBsuNUZbQkHEDqUkSXhdzsq,
MigRDW6uxyNMDBD8fX2njCRyJC4YZk2Rx9pDUZiAESt,true,true,true,true,pre-verified-input,,5g13xW8Nqut7f4UAswAJiff6WZdupaLputT3LsguPAes,
MkabCfyUD6rBTaYHpgKBBpBo5qzWA2pK2hrGGKMurJt,true,true,true,true,pre-verified-input,,BcN44EUP7RqXtQHnU7ULQr5tF3FNVfphjNL6ULJ3SN2Q,
MooNyh4CBUYEKyXVnjGYQ8mEiJDpGvJMdvrZx1iGeHV,true,true,true,true,pre-verified-input,,6ETFCzY9z1KrcZ4GHatGCzWtWGZrkhZs27Pj9iSEPA4C,
MoonVaGCF4pua7uo8fvmPq14UQ1uCBZZ6HKWkTVGfmz,false,true,false,false,pre-verified-input,,EmcDbxyXW2AnLzUfwyfruD6VBVEMcSLJnKsMm5xJeozm,
MoonVaXvKuz1rF1NnHcsX4wiSrfFZ5Ex5Cfmxyi2gfZ,false,true,false,false,pre-verified-input,,BWRbU4q1cwFW9TBVM5kHXiFtpcY3kvSJAZhfxY5RzpBb,
NTTLfv5maZDudMfd9gNjn99dcEgRMY3E5johLyE4Pm2,false,true,false,false,pre-verified-input,,6WMKm8MNWTq8HbKJHaj76chefe7A229zP7kmDJ9ocpqy,
PHYcBRWd6mKATk3xo8oYi3d55BBHUc7kAN4kK91cJoE,false,true,false,false,pre-verified-input,,A4NSxsxB9oMPQ5T5QZSq36ZDT2s5qYemTjGXGQRmcAp5,
PLDG12YsnCxRHa9CkWDnzkA9vsbEFpThXHR9zgnDTDp,true,true,true,true,pre-verified-input,,FXfGNE9NWKdjonbzz5y9SfkFR8kSko3PyHRRg9dZQ8un,
PSMxQbAoDWDbvd9ezQJgARyq6R9L5kJAasaLDVcZwf1,false,true,false,false,pre-verified-input,,GVHjzp7rntJcpN3VyruvHycs3bE5uLqugYahpofreoAQ,
PhoeNiXZ8ByJGLkxNfZRnkUfjvmuYqLR89jjFHGqdXY,false,true,false,false,pre-verified-input,,AYyutjn8s93echP5a6pTX5RfmERAaQTcdLTnwz8RffNN,
PoR33sfFS2u5pAWAF4oHvEsKLZUfwEP1eXrbKFVjBGN,true,true,true,true,pre-verified-input,,FL2H9wykDShN9CFB3xmL5aXHSsncUmkXcM4bunX7yE6z,
PoWQ79wY7LXrKaU8vZBoFb4JgSytENSdpAQAPJaZiSh,false,true,false,false,pre-verified-input,,EgsCnHnTxLrpggSW1nfFjHTJrFhZUh2DPExYtxcf9Mxa,
QvorCTciEhpzwCVUCcLcbGFp15rpwFSsdQzHkgGBGHA,false,true,false,false,pre-verified-input,,9WFoJ7NQZEjEYvXe8N6Epb7qPaLZAMTh1uC72hofVLKo,
REDSTBDUecGjwXd6YGPzHSvEUBHQqVRfCcjUVgPiHsr,false,true,false,false,pre-verified-input,,8buoUdoSJN5yAw7UAkLcocczK38bj3wGRHevvPGLLetG,
ReaLM68X8dXLz35oXqofDYkNWiBFZr4FcefSJyTr9Yh,true,true,true,true,pre-verified-input,,41sqPp19jo6noKaNm8b8vP3MWvMRvBjo3K6Ay8arXQk4,
RiPnkGhwuYN7ET3aMuGUAdomE3CFxBPUSonXsJrW4HS,true,true,true,true,pre-verified-input,,FzjY4NNW2sb6zcsnTdPwLSbP44yi4RsfHP4NLHFyLYx5,
RmnXLft1mSEwDgMKu2okYuHkiazxntFFcZFrrcXxYg7,true,true,true,true,pre-verified-input,,8pFr6hBFoBC46caLWrDAjEJpzA1QMU523tAmnUbSXDE5,
SAUR5HUSEyf4LPRg3biDZ3Zxq2dbJvArnh7dwTmvfvj,true,true,true,true,pre-verified-input,,5sFvKbmPYsgujg3NzKLCwpHdAcby6mUEf3CPrzN7qy3v,
SAURGZTwnVRzp85TcuKiENjZxF4x7VnSvPGCzW8MsWv,true,true,true,true,pre-verified-input,,FydeD2rkjrXGPLFPsGV8Le1toxa5MtESRaqFnV9bTPPf,
SCALEWoRSpVZpMRqHEcDfNvBh3nUSe34jDr9r689gLa,true,true,true,true,pre-verified-input,,EiFkLpJdXocvbrZKh6LoRRMs3ZwKvZ1JuUpRePgco1rd,
SCALEwAvEK5gtkdHiFzXfPgtk2YwJxPDzaV3aDmR7tA,true,true,true,true,pre-verified-input,,6j8EWkCswWM9dWTPcQbCfqYHqEFi6wpXy3Dc2DBWNbhn,
SCCGgsntaUPmP6UjwUBNiQQ83ys5fnCHdFASHPV6Fm9,false,true,false,false,pre-verified-input,,2wLhm7T1UnXjg6xM1Af3aVFf4KnLnJGSDiE91kjuZ8fQ,
SEAMoEpc4YkQM8cajQnWT85NMx3AajQW5dPNJKkoDfM,false,true,false,false,pre-verified-input,,FNVyNKUJbEbCZX5G54omouuBEYxeKkTbqB2zaDUnLcAs,
SKYGRikJcGSa3jC5HDyzDrVsmkCk3e5SqAurycny8PW,false,true,false,false,pre-verified-input,,F5fjXNa9VdcPYWpfBzs77zHGELXjssVLeHSWvxNpa4XV,
SKYTAiJRkgexqQqFoqhXdCANyfziwrVrzjhBaCzdbKW,false,true,false,false,pre-verified-input,,DeD4sWJSEan6KEwr8ZeYk9zra6sd5UbgfzJudSUuqxmb,
SMPLecH534NA9acpos4G6x7uf3LWbCAwZQE9e8ZekMu,true,true,true,true,pre-verified-input,,9zGNM8tRSWBR4QKBp8odZGYsStKQTG7FUJP78BS96Rn1,
SPL1T3rERcu6P6dyBiG7K8LUr21CssZqDAszwANzNMB,true,true,true,true,pre-verified-input,,4uP6DMS8ohy3GdTxNJAizqVBuyHrfa7HRY1DAWjjXSgB,
SQDS4ep65T869zMMBKyuUq6aD6EgTu8psMjkvj52pCf,true,true,true,true,pre-verified-input,,6i4UjrDtkc7dqEmCyNDRfoxnAhDKSrY92u96Z74nRFdX,
SRSPsMqHaSLJjPNKEoQbTeF6TSvospw2PXGkfj4VzhD,true,true,true,true,pre-verified-input,,5jW9r7sriHy1mdjkBi31zt9A8yUBmyC7fDRjwscnDHQP,
STTZMMZhaytNtyHshzZ8HAgJoTVWhwrKFG7qk7xtSst,false,true,false,false,pre-verified-input,,18NSTVyZYx59KNHm6z3Rir3KZcjhCQXcTtCrqwbcptU,
STTaPviaZpRbBiubcx2QeDKViRB7scgg4kmonK1Wn3T,false,true,false,false,pre-verified-input,,Ed6afcwjeAY7BAB3X3NCNAMYJdGHRJBccVGVHHWpMEvN,
STTb3N8SdASycVjRhgPZV7EgtdaW19pkuY5vGxTNEW6,false,true,false,false,pre-verified-input,,Ff1hLjRoRkaQdu7HnFCtk2dBXcUpdgW8kztEArymjKoW,
STTpJMKhLmWrTHYDyfx79U8YwGCycS2ez5p2k1gox9V,false,true,false,false,pre-verified-input,,8s6t644J2V8o3dhatLEhd9YHUjiJnYbGjtfPAi2ysMvJ,
STTrhNsZyLN3srkazdo6LnpJ5RciJYP9N4zVwwYycw9,false,true,false,false,pre-verified-input,,EGdeeWBVAKL9ruMo4zCDCcBUiBxuXgsjPzezL8KiVS2P,
STTzd1vq1QoxzHWR6dbcvg8uyiRGHh3sXqMdreYsYWh,false,true,false,false,pre-verified-input,,AJe1ijuDaWkLHmRUr7u4f2MwA45Nw4TYjEYd6P83sFYe,
STkEAu2cEyQp5ktgUauRVq8es6mEP2w6ixw4NEd5tDJ,false,true,false,false,pre-verified-input,,Fma3vr4WKFms7wQpocGLqbeMDUGPJz6JR1eDsghfWufj,
SWPammPnp7L9qFgV436u3CSPmcxU6ZQm6ttawzDTRuw,true,true,true,true,pre-verified-input,,2kCPdgJN7eieDPkMrbMYbmH2FCHdV7akeBY6rA7sAoju,
SauRx3x2PxjCfiW38oucPbB1aU5gfDvqx6mr8SeUVyU,true,true,true,true,pre-verified-input,,4Kjhj3chmJEHiDyWsBGmfujSCGompGU4HXzCj3Wzc4uv,
So1endDq2YkqhipRh3WViPa8hdiSpxWy6z3Z6tMCpAo,false,true,false,false,pre-verified-input,,BeTnvcqyyoqG6TQZHXBn6KWSkVQnecZRrUTsbwoZFK7,
SquidjXLN8SX6wkLqK2miXGGciCGUrVqEtasjiZ2UWc,false,true,false,false,pre-verified-input,,8GwbmzYfo4tQ7wm2Eaotzd6jgyWk7bWkZWUTDruKPZj3,
TRibg8W8zmPHQqWtyAD1rEBRXEdyU13Mu6qX1Sg42tJ,true,true,true,true,pre-verified-input,,3z3KfNrvxtZmHkMqpRoZgAVM1L5HLgrrcpCJNfUu7S7s,
TWAP7frdvD3ia7TWc8e9SxZMmrpd2Yf3ifSPAHS8VG3,true,true,true,true,pre-verified-input,,BSPunQTZrUoduGKRGdhhGVzKzsi3CqSj1Dy544A6BcNe,
TWAPrdhADy2aTKN5iFZtNnkQYXERD9NvKjPFVPMSCNN,true,true,true,true,pre-verified-input,,63VGwKukStQzzsUiy3Z6HihwgDjLntygMX88Tonjg1gY,
TokenkegQfeZyiNwAJbNbGKPFXCWuBvf9Ss623VQ5DA,false,true,false,false,pre-verified-input,,4nmzuuebvZ9EVghi2khvz9SyxUNvuXXdAzWtG5N7avYf,
V1RALU8Rkwxb6uc6bALeNeMgdNoMZMx4L14Dojkgy2X,true,true,true,true,pre-verified-input,,3HH5BXiZg7LGg8Vhgmcmjf6sABXn5CCzWohrx5yMSXB7,
VLT2aFKdnYyseZgjWcW5TNu9gLMCUiRuQNZN5FhK45Q,false,true,false,false,pre-verified-input,,AwaRmWF6etPoP72mrjXuow7X9EbxBGuNHhpv4XoNGCk9,
VLTX1ishMBbcX3rdBWGssxawAo1Q2X2qxYFYqiGodVg,true,true,true,true,pre-verified-input,,HaHbk49Bh8fjRkionSVtf7rtqjtWXgESYHYqKedqQ6As,
VRFVeF2xDSja6K4rxrjHQDornm5amU1jajpwmRiQcBL,false,true,false,false,pre-verified-input,,5BC64UzqxDmabVfHyhq9Vbkrp9bLyNCyssgWNMf9iNgW,
VestF59gEqPp83UV8JKn85zXsEn1SuLq8mdz8QxxKzY,true,true,true,true,pre-verified-input,,3rT9YVwoaHXtjSy3kvxMMmJCH63V48PN6YGwuo9mrrP5,
WALL8ucBuUyL46QYxwYJjidaFYhdvxUFrgvBxPshERx,true,true,true,true,pre-verified-input,,8VpGzBd6RjTwWQogsVhcfrFRqUs9vNee9DNe888MMfpS,
XmixQ4DB8MtKcEFhyjWs1gZtdaF3YDuF4ieGLJ3xotv,false,true,false,false,pre-verified-input,,HXQx4cdLxmZgr32nuvQ6HmfWUo7q422mvH6hZfxudfYi,
XzTT4XB8m7sLD2xi6snefSasaswsKCxx5Tifjondogm,true,true,true,true,pre-verified-input,,BiRZrRq2YfYC5gwyWWw8JxAwji2fBkrw9tv8vVMt3Zht,
ZDLT3oh8VxZJcSTxi1LgG4GqMsiF4jFrQho6hnJj5Gy,false,true,false,false,pre-verified-input,,86V2W3tgciSXAxGhcmMKRXzoU3zRQHKYQctsexCTSZj9,
ZKGMUfxiRCXFPnqz9zgqAnuqJy15jk7fKbR4o6FuEQM,false,true,false,false,pre-verified-input,,AP58ZuEEK7veBsLwZ8knBb2XCbFYQFKVhUqEv6csJvnf,
ZNXsqwVxaSuUPAeHk8GrQxXWzN5kKZB6pDer91U4Fxo,true,true,true,true,pre-verified-input,,A25q1cAKdJSD84w9WYfSUJkDDdApVfx3AeGgfvVvhBFn,
ZUPYzr87cgminBywohtbUxnaiFMwXNy8A5pD9cCcvVU,false,true,false,false,pre-verified-input,,7f7rJM3GHNyRoLScwXwAcjc2KEqeGjLkDuZ4cW9R3zwe,
ZYNKctWoaYeAdN9szq1joeu6rRPf7LK72pUurkcBpBY,false,true,false,false,pre-verified-input,,CDLfNgxCbeD8FC8aHKq4t4jro44AKHodijri7fQWuu2v,
ZYNKopsYjG6gaGqdwz8HLAgvCAEFwCET56kRQKkjxfc,false,true,false,false,pre-verified-input,,CKg8HDYD3X9xwg3qRUbQdPUtT6MHHLWZWzoobVEBfK6H,
aidexzymD6Ljv4Kf1yRj9iLeLz69MF2NuqJ2BvNdZXd,true,true,true,true,pre-verified-input,,EdRZjdWmfSVispcV1g8z5Q2KCbMQWqkankVvpC6zWsA,
atq2FYuvww5EF6qeB28gj9tkao6Ld9mEGUzF4M93cCC,false,true,false,false,pre-verified-input,,FcTN8ex1Jv6aahZvtoiAQfpab8TB2JAodSWgP4tqSSCi,
autowMzCbM29YXMgVG3T62Hkgo7RcyrvgQQkd54fDQL,true,true,true,true,pre-verified-input,,5vDTaE7xh6173K8meutnJuXV2iNmnWZ7AbtPjKGDLEAr,
back3hf7BuSYN7biDLQAaWH2vRpj3aCPs6SL5he22B5,true,true,true,true,pre-verified-input,,2vfWiRdp51oJFAh224e7WZWTD1sHXksGDUddE74oSAoB,
btc2WHkrjoZU9xzFJupDCmMaUTRHyYTzJE25LvEi9Ls,false,true,false,false,pre-verified-input,,6AwGygw6vstR7Mjt3DGJEKdS1GVxi4esTCTwVsRKKZN7,
ccJYP5gjZqcEHaphcxAZvkxCrnTVfYMjyhSYkpQtf8Z,true,true,true,true,pre-verified-input,,Dsr9gtwjKAcUdSw1sbeheCakbJM4QrBWrGqxHF7hppXb,
ci8d4uxy3f37gNQwsZV4MRYZwHp66WdFyi4x1BMbjof,false,true,false,false,pre-verified-input,,8yopVVUcn7xjF8fbjyDZFocFsuPEcTKjJp7EQ9Dif9Bd,
cmtDvXumGCrqC1Age74AVPhSRVXJMd8PJS91L8KbNCK,true,true,true,true,pre-verified-input,,7vzcW3fVgy3sB18qmGCKqdYAJstbuHNAmgeNac71oM62,
cookieAAc8qiHmnJLuhHokCLLccipBYnKRzyFCMgcFE,false,true,false,false,pre-verified-input,,3sMjKeg34y4FVuitjbHQm7PryqdPFKAUtQcHH51197L6,
cov9UDypG7nsryxdgMcKhKU2spRVWLVjxT2iTv6do5Y,false,true,false,false,pre-verified-input,,4GPJBxE8iedQH4Au4MZvKAXQT2SMkDwPQDoQghu9gX8a,
execXUrAsMnqMmTHj5m7N1YQgsDz3cwGLYCYyuDRciV,true,true,true,true,pre-verified-input,,4kGn6B5JM2RgjUR4cnzkw9fsH325ezvShHUNS2a722x8,
f1tUoNEKrDp1oeGn4zxr7bh41eN6VcfHjfrL3ZqQday,false,true,false,false,pre-verified-input,,8e5TSyhm5bVp3Lg8wrhiTAvsykzccwNWaHAsDAT21EBB,
fragnAis7Bp6FTsMoa6YcH8UffhEw43Ph79qAiK3iF3,true,true,true,true,pre-verified-input,,FDKv9X6wTfEHjG6tgi1thLGj89jyXkTkyqkxR9pxAcpX,
gaszjG8797GGm8oACCzH2KLLifGp2nugKkLwaecwBjT,false,true,false,false,pre-verified-input,,8cWmio3fkwPQAGE5SmENLf68hryagLHwm7nhPjyBbJz4,
govYkyQ3ePtGULAtY6V75qjWE8UH4vCUVQ1W4HdCAZU,false,true,false,false,pre-verified-input,,EZhPJNCFJJMkbryaxK45f2q3mwdPPPah7qoBwrHy7QMf,
gr8tqq2ripsM6N46gLWpSDXtdrH6J9jaXoyya1ELC9t,true,true,true,true,pre-verified-input,,AM6Mmfi9h1v1ayyZb5ijkdM4WcrQsoKGL3hR6pyQfAVL,
gtwqvLL93XK7pC2eMvfGamqokvs19AytzaVhrL2iKiz,false,true,false,false,pre-verified-input,,AuaEahfP69FkZrSfut2cmWB95CbupKFppgQUZDY7z4ru,
gvnr27cVeyW3AVf3acL7VCJ5WjGAphytnsgcK1feHyH,true,true,true,true,pre-verified-input,,7ouanunFdt8pVBJ667yiKYtvsbRrpBPJdHRFSbh1f7sK,
haio6iJNBgiAcm6DfxbqAfwNpsqhd4n2qswjPNhxuzF,true,true,true,true,pre-verified-input,,PWDRMmJ8rCrnLjwGZ57j37N55axiXR9tsiVxEgr5PwQ,
ic429goRDdS7BXEDYr2nZeAYMxtT6FL3AsB3sneaSu7,true,true,true,true,pre-verified-input,,HC6ZJsAr7nzxhmpRnXeU7tMBGfme8N7z9S3CaB5LtD84,
ifxmwWVVZDmXN2DUVf7wtJYCXTRY4QsL5rzmNkXzxbj,false,true,false,false,pre-verified-input,,6GGE9QXcPEUQgRp9HcShkBa1bCMjta9acv2zvfLn4yoS,
itsAUdHnV2K99ppbM6d6WUDac8MD54RAE7dUKHnw1Eg,false,true,false,false,pre-verified-input,,AhjUn5oQwcXxFvKbSs7UPy4cjfxpLsD9RkFCRDmQufuB,
iwhrLHdsgrvmnwU8GF2FSmyabSMjfHwFGJAX2ufJ3ZN,true,true,true,true,pre-verified-input,,Hum92ECs78Dvo1av4kbZT2HHKs5CgrrdPjWAhE2UzUE7,
ixCPtHBGeiuHL8uGFvCr2Lr9LYijeBjeRbXJEK7qSPL,false,true,false,false,pre-verified-input,,EXTPi93oZrJcKzyy8DHQnt2ZGSoRLzkhMUUk5tiBhJAA,
jg82rRko6Hu1KqZ47RR95Jrq1cfqBhaAPXStseajmfQ,true,true,true,true,pre-verified-input,,6PNgk3dKPcubnUWMHw7Cp13J5dr8tLfZgTk5expjXX5w,
kGYz2q2WUYCXhKpgUF4AMR3seDA9eg8sbirP5dhbyhy,false,true,false,false,pre-verified-input,,BwLnG6yAJZfxK4Wn4iAXmZ8bUXos6DqeGcapAqZjFqEj,
mERKcfxMC5SqJn4Ld4BUris3WKZZ1ojjWJ3A3J5CKxv,true,true,true,true,pre-verified-input,,8MPBYNbUFww5mWeFnvYQZ2KgMZGUstAyiJ3LyeGxctYS,
mRXspNQ2wBD4ekkCE2wP5gxKAjuHovJzqTh42KY3Zbn,false,true,false,false,pre-verified-input,,Dn1PJk255tXuJ6hxxFEV74LF5cBHfLkL2VHNei8Cs8HT,
mare3SCyfZkAndpBRBeonETmkCCB3TJTTrz8ZN2dnhP,false,true,false,false,pre-verified-input,,Ah1DAmd5U7abLQYkrxYF5VQMAxikAXpWkoswx7RGJc1H,
memtaCuA26EANM26matPAhiQGPnvsrYdJYrYcK8wcon,false,true,false,false,pre-verified-input,,5xv8d3HW5sWaoK5JfUjn47fq2hB2zmTBsvS7rpFsxW9Q,
meta3cxKzFBmWYgCVozmvCQAS3y9b3fGxrG9HkHL7Wi,true,true,true,true,pre-verified-input,,GUg8r3y2eWeeyh5oEMP2hWU9H1J3voPBWo7wcv3nUtF4,
metaRK9dUBnrAdZN6uUDKvxBVKW5pyCbPVmLtUZwtBp,true,true,true,true,pre-verified-input,,9ezhgkgEPBMfhbLNuemYUGGZveShQJF5qXnBVYKw765d,
mineWsRs2Rmw2jPMkVbgAbDjV1E23yQ8TEodaX3iza4,false,true,false,false,pre-verified-input,,HuESqLUtvQ8nnuj1oCgDCjdwJV7fMrgHuyHDqVW1E8gK,
mintwGiwfvL3uVNi9aKxKu1Y5LQbDuwdvpfis4fyE7X,false,true,false,false,pre-verified-input,,EHVwcbe9z1wckcDG9LNqVrZAUPWrmxcYfrGx8uyoBve6,
mintzxW6Kckmeyh1h6Zfdj9QcYgCzhPSGiC8ChZ6fCx,false,true,false,false,pre-verified-input,,8fUYyx2x4gLYuDBFwE7ExZwNT338KEhKEGZwHBKWMd6d,
mooNhciQJi1LqHDmse2JPic2NqG2PXCanbE3ZYzP3qA,true,true,true,true,pre-verified-input,,2Ro8unu4BXnJiLqFGXpSQCMLm9KWQbmUeUhiqfRwmcnh,
moonDJUoHteKkGATejA5bdJVwJ6V6Dg74gyqyJTx73n,true,true,true,true,pre-verified-input,,HnZZkfUxSgLDPs8DMsr15voJiT5ir4ArqBsVXtgNAgNp,
moontUzsdepotRGe5xsfip7vLPTJnVuafqdUWexVnPM,true,true,true,true,pre-verified-input,,8HKpuyfEWS6jf6ECA91LFaTbuoJF8wK4nATpxm25x7aN,
ncnwF8AgynRcdEnGLcprSQNaKvgSMTgk3yPRc8cf9Zf,false,true,false,false,pre-verified-input,,3H5pPcf32ACfCcMDwi1o7WEk1MyzDfpQG7UZcCzghcpU,
nex1gkSWtRBheEJuQZMqHhbMG5A45qPU76KqnCZNVHR,true,true,true,true,pre-verified-input,,4QN9xogGsgACCs7JYtNhvUsHTSKQQKL2f9gbkmb1Fc24,
nosNeZR64wiEhQc5j251bsP4WqDabT6hmz4PHyoHLGD,true,true,true,true,pre-verified-input,,Ez9Rhn3omtF68hW9x8CicGVsDcXBk43nWbJBabiKxxCz,
notary95bwkGXj74HV2CXeCn4CgBzRVv5nmEVfqonVY,true,true,true,true,pre-verified-input,,9r5bDVyhj2ZH2SpEwkEUMmwfHrRM5FkALNaJMj8PedCJ,
offqSMQWgQud6WJz694LRzkeN5kMYpCHTpXQr3Rkcjm,true,true,true,true,pre-verified-input,,H99oudFyNZB96AwiJwcGZ2mR2wacxD6N4r14n4e33n7j,
oho1YinN7pMfvDUhunvB8NZnz9nUiQPoU3Bkgo2J5Ve,true,true,true,true,pre-verified-input,,Ek95VmBkTcmwQegh6E9RWWwEJWLJMHsfWu5V2zahPsT6,
oho2ZBYfZ4YvLVFKtL9fvqs7Bwmqb7viAHDhDTqSiL9,true,true,true,true,pre-verified-input,,BnWWqq3P3yzdZKPxAeFcnD53MVc7XUo3XwjkjKsNHWFj,
oho3tqbU2FQDcngMqnU8uGyfj2xQD6KZ6cHp1UBJ9HG,true,true,true,true,pre-verified-input,,8DVkVVtvwBpMmcnWoKVqeD94LWsde3F8pMfCvAefxgbR,
oho63UvjRqStVqSZjMYZYfXSUubTAacHFkYdeEKNY3L,true,true,true,true,pre-verified-input,,FxZBfpDTPxih7KgYczGPMHUBhLzKFYXsRgi9JBbbWSsW,
oho8S9Fyivr1SHdSVgfnzJ8MgruJKh5uXmzdTzXLh3t,true,true,true,true,pre-verified-input,,HFk4GiC33LU4QLjnyBGUFCFZJHbG1DAP8o5DA3GYnkLr,
oho922CXzmZJUjJH7EErgtYr3eCCYsZCoMabeZYEPe3,true,true,true,true,pre-verified-input,,D8pfLcz9U6VxHoeu1GxJ9sPfpovSJ6BRSZRUftnJTtUp,
omnixgS8fnqHfCcTGKWj6JtKjzpJZ1Y5y9pyFkQDkYE,true,true,true,true,pre-verified-input,,4EjYPP6Jiyzn8Kx8K5rNi2ACbb7f7i47F58uAbvuLoX9,
opre2VP8uvjq3YS15NRhRagsWvsY5DybitvCeLPAwbK,false,true,false,false,pre-verified-input,,46WJLFJeGQ2zCjE4U58Anky7UDoG6m8NSEUJntNAVv7d,
ord1qJZ3DB52s9NoG8nuoacW85aCyNvECa5kAqcBVBu,true,true,true,true,pre-verified-input,,3Ug2i2UmdvKLTQ43q8WXA7ABBNCC4Fdf5oCeUmuMaBnB,
oreV3EG1i9BEgiAJ8b177Z2S2rMarzak4NMv1kULvWv,false,true,false,false,pre-verified-input,,8cgErqyohriorxbaiMZgLuiShxh29hhdbKjgDer55v54,
pPV2pfrxnmstSb9j7kEeCLny5BGj6SNwCWGd6xbGGzz,true,true,true,true,pre-verified-input,,EQS8Sqz3a4gW9miAYz6WihZSS1xCoi4rCpfHprhKiRFX,
paxosVkYuJBKUQoZGAidRA47Qt4uidqG5fAt5kmr1nR,false,true,false,false,pre-verified-input,,2sMdDHJyjwtUCyu1tZGiVmenrFehErLE2yJeL7vvLUnV,
pbPPQH7jyKoSLu8QYs3rSY3YkDRXEBojKbTgnUg7NDS,true,true,true,true,pre-verified-input,,8wf522sxaGF6w7RmJEXbTpaLobprnyPgDh9nBpUy914f,
pcWKVSdcdDUKabPz4pVfaQ2jMod1kWv3LqeQivjKXiF,false,true,false,false,pre-verified-input,,CCLGtmC1C9kCG6SHMB6aWQdT9QftuUed6m1nNPuvaiDh,
prismEvZiMYt64S5uRrYbmVCxvVKD5T3xLqoknNigmK,false,true,false,false,pre-verified-input,,4dyDB9cKaQ1MaKV4pZrScW36xX8qtnsgD7PBJVsR1Xj4,
proToJQCyRGaRSmWW4sQDLUaeoQPTwoCUhbHbSU761S,false,true,false,false,pre-verified-input,,ANrEEhX8FvnRx3vvwjCj3Mcp5Ybe5C91gUvv3a2mbMuL,
propFYxqmVcufMhk5esNMrexq2ogHbbC2kP9PU1qxKs,true,true,true,true,pre-verified-input,,66t3XARU6Ja3zj91gDZ2KoNLJHEMTYPSKqJWYb6PJJBA,
pytcD8uUjPxSLMsNqoVnm9dXQw9tKJJf3CQnGwa8oL7,true,true,true,true,pre-verified-input,,9gHdr1ourf8e4zXdv5HajYWy9Mctm4TaYPGoLUDKjLD1,
pyti8TM4zRVBjmarcgAPmTNNAXYKJv7WVHrkrm6woLN,true,true,true,true,pre-verified-input,,4td73XQkH831j8AUTm7Jmq8BMuLwEyRVwwnVwfB8EFh3,
qYFPQppWpM5Ss1TxChtpUb1uLusc5oKZP6Jit1zND4A,false,true,false,false,pre-verified-input,,4vztMNirBRxh3vU8qZ13CEaQur2R45sTuU2G8t1RGWCn,
rngJSm78htuZREU5F3tb3JKnYSaPx1nMHZxyvNNFmxy,false,true,false,false,pre-verified-input,,3ij42fejWTmDuBBN7sRPqrETV7jqF9UTWPcRMLxKFCJD,
satiRkxEiwZ51cv8PRu8UMzuaqeaNU9jABo6oAFMsLe,true,true,true,true,pre-verified-input,,4rsRDSSdnNYbmQiATcyGM3n7c75kMZQizSg8SkHcyuXc,
soLv1S6GsAEVEnXmVY3oz6GtrNJteQ28iTyRQrHXvkz,true,true,true,true,pre-verified-input,,FQobSbqjcxcdC4mAYWRqDThm8n8sw1qYa28Wf4em4YYD,
sp1V4h2gWorkGhVcazBc22Hfo2f5sd7jcjT4EDPrWFF,false,true,false,false,pre-verified-input,,9q4T5zndH8yyZS9m4sSschqfp94aPJZhoQzjumryoyjZ,
srAMMzfVHVAtgSJc8iH6CfKzuWuUTzLHVCE81QU1rgi,false,true,false,false,pre-verified-input,,8s3pvx9DTs2qmPzSerirzmiudX3JAVXNCynMTq3DCQQQ,
sspUE1vrh7xRoXxGsg7vR1zde2WdGtJRbyK9uRumBDy,false,true,false,false,pre-verified-input,,AmVw5Mis5NBb1YSGLd77xzYZDmYYPYrQHxG4KMSi8Yuu,
stakecNP3FpiExZPCgZfqRgumVzi6dNqnfrjwXyTgeH,false,true,false,false,pre-verified-input,,5rr55NMnHLXNZcKZAzE1xUH8jnP4tfYKHz3WkJdLiVAY,
stcsnoeup7TfwoetTXXAKAUCKsRv4XfxjvxdEUNzueE,true,true,true,true,pre-verified-input,,8wbPGheuHhwBRv9CGCiguJDXWNxdozoLW8q9x3X1b3xk,
storeD7bEkywTTMrje19WRoyrkEhbhrvyjVnLxWih6a,false,true,false,false,pre-verified-input,,C1NHgUQkgyvtoFqyZC2s134DpNacjPsvpT1Vnnj1KctK,
stork1JUZMKYgjNagHiK2KdMmb42iTnYe9bYUCDUk8n,false,true,false,false,pre-verified-input,,GmmhZ26kNwNa6SZvctNyBqXaRzut6i4RqQGSpFmtgRJU,
sunzv8N3A8dRHwUBvxgRDEbWKk8t7yiHR4FLRgFsTX6,true,true,true,true,pre-verified-input,,8RRWV4EjFKMbEwzWd7jhxCbr48xFVZj8eipRCQKaPXoT,
superB6bzm82y1To5rRaMr7KmqkLNVnCUGwUBemtJV3,true,true,true,true,pre-verified-input,,CSApnbDSNaQqrYTpH8ZYDfqDyi8nmd5bVvTNny3pd9cv,
tbr7Qje6qBzPwfM52csL5KFi8ps5c5vDyiVVBLYVdRf,true,true,true,true,pre-verified-input,,9GJa7V8Ei8ePRfS94AjYqQRsrUsFEBpTgJu48h8dAr55,
twAP5sArq2vDS1mZCT7f4qRLwzTfHvf5Ay5R5Q5df1m,true,true,true,true,pre-verified-input,,9vwuVq6JT3q5WvEqCAwnR7truYj7GoEU1xaj6rVo6HwA,
ufdDLwyeFssBJ9TPnK13w6hZnybnEcWc2Xoqb6u8U8g,false,true,false,false,pre-verified-input,,JCiE29S8E8Fwd5LtdHJD2WHWSFK9dnjHeDRDxrHYjo8T,
vAuLTQjV5AZx5f3UgE75wcnkxnQowWxThn1hGjfCVwP,true,true,true,true,pre-verified-input,,CJ7vgGowJusnKvkWCuPEAQihJLF5jLcqto5zxbX3jYi1,
vaU1tVLj8RFk7mNj1BxqgAsMKKaL8UvEUHvU3tdbZPe,true,true,true,true,pre-verified-input,,GdUdBFu1CNMJmT1TTzLevNUUNsrYs9fFN9xV3ZJ4Xm1,
verifycLy8mB96wd9wqq3WDXQwM4oU6r42Th37Db9fC,true,true,true,true,pre-verified-input,,3a5khSzVnggJBRvcSToaRxjon7kA1SB1t5q6CBK9ckYB,
vmZ1WUq8SxjBWcaeTCvgJRZbS84R61uniFsQy5YMRTJ,true,true,true,true,pre-verified-input,,FxYWFUdtqsFb1RjNKV3PtJazZSZPyV5jTcDHowtvYgH8,
whirLbMiicVdio4qvUfM5KAg6Ct8VwpYzGff3uctyCc,true,true,true,true,pre-verified-input,,2KFqE4RWoPVbvodo8vbggCFeHPS8TDvgpwp79ALMrcyn,
wsoGmxQLSvwWpuaidCApxN5kEowLe2HLQLJhCQnj4bE,false,true,false,false,pre-verified-input,,CttizuGPnAAdwqkiGb4d4WD9ps1zGeffUaeYDJ4osKbA,
xoVUinQWoi4Bxre6oqEJHp9WrJaHacs74gtYtondogm,true,true,true,true,pre-verified-input,,6qVkPHisko3V9ZduJVhdoFBsDTU2kaSsztQKu8J9ZP2F,
y6RZeZece935j2GuULM9iEKUW5685cDkuxUwEAtpoft,true,true,true,true,pre-verified-input,,HoSMCqze1r7XteqASpPjBFu7Wia15LZcruTjdkx4Sr6B,
yoAKw22kCCCStCP5uJ9mkMa8NGjYdtnGgNDxBrv8kfe,false,true,false,false,pre-verified-input,,4RjCWEuR7WB1cLnfKrmyXAmWEksRkAsFLCykAHzgiU4s,
zauthsTeNbEN69fEmMVm48D2K3cEHJAtf7vnaU2uBeC,false,true,false,false,pre-verified-input,,GHFmW4hMdnFhBY5EeRBG8NWaqXfvxa2a2WsX8H49j92g,
219m42qCuVirVvWs5GnkuX4aWFx5pX6D9RSTE1vsV5WS,true,true,true,true,pre-verified-input,,4UZETZDtnSqcBzjMeg9vNYXxuonUswUJG3z5Y1ogZQ9f,
21J2jj3XxLDD6SWTY7LBQTCwDzrBZ6kYTX6nvKqrKiYA,false,true,false,false,pre-verified-input,,4uFBgiG9nyzPfLcRa1VVUQV8i4JTPjoCyrpowFjDnupo,
21tHgbgC8Q6hoXyHx5pp3Gtp97B3HxrS2yH832ryeNSw,false,true,false,false,pre-verified-input,,AL7a2aLvMcN3KWnoB7HX7gL593oWV2b927xzFrS63rPP,
22Hv3MiyfnMJkNoVKNXxueYtLhzJwh9EsuQmLzrG4NHP,false,true,false,false,pre-verified-input,,6LwoA87T6QpN3wQozo4n45xMZJNECZ4KMFZey65WEhtX,
23BCUPpfPkfCu6bmPCaLgyTR8UkruWeUnEyeC5shr1mp,false,true,false,false,pre-verified-input,,2j7ZA3E5jwo4JqHBPXfgKXgKhpGU6PXrXPnGiUTcdYwh,
23uBqw2FZEUAj5JtTuzCHidyijuNZQmqvMTDPAjXJp6U,false,true,false,false,pre-verified-input,,ADNYWFYQXp8cPUmCtjen5Vv1yYy2KoWrcUPDAqbQryNe,
25xTnoLsvwZRx31Fn9sEMfk5hvRx2spcyqd1CqbgZpzT,false,true,false,false,pre-verified-input,,GihUgLi9bfT9AMw89WBGrSVoBdc2UWK8smcSq6C6qe4s,
27uuG2Lrb5exRtBZm8xor5DQosLUidUb9sGLXWMFveVH,false,true,false,false,pre-verified-input,,7HwDvCkB8Kq6vKrG1NkF78EuEBrhVBNwaXSfQxVrHrey,
2AxuNr6euZPKQbTwNsLBjzFTZFAevA85F4PW9m9Dv8pc,true,true,true,true,pre-verified-input,,51fa9cFtrLgM2HhLQRDh5tWmhf3fVmz6b8whr7zw8E3U,
FAAWGvgG5KNinoW4UJDF2MMU33DXeUb16tqapAgNbowR,false,true,false,false,pre-verified-input,,FMCfi3kCVeVFPAT869HR8ukdrnb1JMVXUch7BzCWAFgJ,
FDkEcyM4DBbs3uJiXoPaSuPwXSuMcDTcMGoSiBVsg7jw,true,true,true,true,pre-verified-input,,FEbLQpL9MamdLcJ16tX4Hy4qpT4z4JUTrLoHmLT9wq92,
FFL71XjBkjq5gce7EtpB7Wa5p8qnRNueLKSzM4tkEMoc,false,true,false,false,pre-verified-input,,7mYKFX3ncA3eL5UHoHnsnEjTrJCNNnB5ZKbniziZnJif,
FGrGEthyEeu5vmb84u7TG6HGWeHUrpim7y8jDCjrxCsT,false,true,false,false,pre-verified-input,,3qLN21j3Aq2RSVBv5SSHHEKLZ5QxwkUGtfrRRYsxomyD,
FNApPiNRrsA8k9jgqh4W9BqWCShDj6oRMUi8yMzBxcNw,false,true,false,false,pre-verified-input,,Hm3yWhzPSyMoQU9B8wwT94hCTuD32RZkBDyVz4NSxYoW,
FTPEhpxj7q6tB7SAgoLawurF1zvWxfAoor9rLEGspPop,false,true,false,false,pre-verified-input,,4cAiDR7NUH5d8P8HWm4f4BgvBDXZCSNUdHFGvpRz75Hz,
FTUi8srvZA5Gng8sfiDFsdN352ydQPnUABWvVqp5qGqF,false,true,false,false,pre-verified-input,,6Ugs2f6wgJDDAxLcUo9CyhCfAuXGwsn2YRBFe9hQdkKi,
FUAYEMXuFbmEyCu215fqH4G5Q2jSjQUBJvPPJJSQDMZj,false,true,false,false,pre-verified-input,,FTwLCWDgzNL8AQ1n6gabLDH5q3tcbyAiLReyeb3PWMLE,
FUTrVnQuWRvAMcxDDkcvDig3mYnLUqzimZ6ZLBHB8BNw,false,true,false,false,pre-verified-input,,GanPp7P6rX1waJ6D8kSQG74ro6VdgYjaU49o4J8ThDUD,
FUjkkUVKa9Pofs5mBdiYQe2cBVwzrhX8SunAZhGXRkog,true,true,true,true,pre-verified-input,,2DHfmFyPq7PZLSc28yDz6FNjntc3uTsmBdshL6NMrSwB,
FWEYpBAf9WsemQiNbAewhyESfR38GBBHLrCaU3MpEKWv,false,true,false,false,pre-verified-input,,DjNUYV6pUwsDQFMCN8oEAr5WgATy5iBgy9v16tc8TF3i,
FXmb9NmMdbtTX4RRKsBzGzSLD6NzxMKoZSgmTKNJ1jhk,true,true,true,true,pre-verified-input,,5cfHYjrHgLg98D3ZWq7RGTpAK4YnyY6dLNsqey7zwexe,
FarmsPZpWu9i7Kky8tPN37rs2TpmMrAZrC7S7vJa91Hr,true,true,true,true,pre-verified-input,,Ey7rZRLbKdhDqcUuSpAkApk3S3dK7RHoKPJST1RRVJAp,
Fhud5X7RHZT6159Mr964dhZA6SUDj5Dt8Zk54K4x6Twf,false,true,false,false,pre-verified-input,,8RDWjMkKZZfms5Dx8GbvFqTS1JeT8VpzmvhiN1jqBvq,
Fii8GURTsfPZrpBZNd99BRPMDztUUGm7Th1XfoANDHVh,true,true,true,true,pre-verified-input,,4435vTQaHN2tbAwVBx1orMxzRRh1EyFkzM6rxxAkKQPp,
Fk1RpqsfeWt8KnFCTW9NQVdVxYvxuqjGn6iPB9wrmM8h,true,true,true,true,pre-verified-input,,9brcFx136BqmM7TMdND3HwP1up1KvVfXzMaTpGSMWt4R,
FracVQuBhSeBvbw1qNrJKkDmcdPcFYWdneoKbJa3HMrj,true,true,true,true,pre-verified-input,,97fsRbwZTeE73AvPxij9zA3GJfkgKQfqWJy4QU3zPAy1,
FrzDrykT4XSp5BwdYdSJdLHbDVVPuquN2cDMJyVJ35iJ,true,true,true,true,pre-verified-input,,6Jn8h5idkye4vtDbo36XteCeewqyj6M3fuUi5QjPrdbk,
Fs92vPdezafCPPGSMPbV1RXnQM6wBT9RwZJkyjDgdrT8,false,true,false,false,pre-verified-input,,BheakbwoGjvv894eQGrE8YHtnsnVBboubzHJ335NHN97,
FsD4uqAyXiAcQapVTokNvdz1ZC5hMHjY6a93nYmEqZQS,true,true,true,true,pre-verified-input,,DPf1KxJnfcFwa77zzNMEWzExg34J6Cgt4tRZVru8MM4W,
Ft68fLbhnJja8F36UiEmRmh1fZrsRt9jn5fyUQVouP6A,false,true,false,false,pre-verified-input,,try5xwZC4X2uCPJNgW21gMW96fwoGTfLChxzUmH9jam,
Fu4i56kquMAiCdnBLL92XE16tbhbJ1KrSP1NrgdhAr2b,false,true,false,false,pre-verified-input,,Z5jLG6RAEzMoMfFhHgAi5eF7QFwz7WFscvE3xrJRu9f,
Fuww9mfc8ntAwxPUzFia7VJFAdvLppyZwhPJoXySZXf7,false,true,false,false,pre-verified-input,,8m373EdfR1VX5CKWX9iXYnEt6HLm2ave6VwB3pdVdGTj,
Fv8pLNSPg3nenVsP1VbKqaPxyj2s47x2jmZLAkG9kV52,false,true,false,false,pre-verified-input,,Bcbf8icpBFnY8sAzjwMFNkPM7jVZ3V95bTUAwLonWQfT,
G1SRHec1Mig66xKJ169kmmVRy4WX81VLKCUfdExThQdo,false,true,false,false,pre-verified-input,,CgfyTtgCpKBMLR8ztTpe3Ko77ckX1rx93Pw5KFucXjLQ,
G7G2o7vaMvacSkMENdBjqjECjpK3USBpDmSzpDo6JWrf,true,true,true,true,pre-verified-input,,7uy9p6dQpyUJkZuxnt2sLB16HNHg8Yw3NjecxhmJz2T5,
GA1pWaS9BqvQhKmRvNgX4qHzWjyzyQPdYVcarKFZAqMj,false,true,false,false,pre-verified-input,,Ca9H5DDBS4fqMU7aysWcNgTaDwu67ih5X6xaEDDXimjg,
GATEzzqxhJnsWF6vHRsgtixxSB8PaQdcqGEVTEHWiULz,false,true,false,false,pre-verified-input,,F5BVERs4ZpoyA8obwKJ1aQtvSwubZXqBvkAznx78mUtp,
GENjsPxm2wEpRS39YReNKVzSdkQRDbuocUqytxatqctm,false,true,false,false,pre-verified-input,,CsTxB2FVBHoca8DmakDSp9JqBp2tJeG3VVrhhPsQActb,
GGMoxtodCLEvPB3HuDJcS3kcS6JVpmfBQEHYfoUPe7kR,false,true,false,false,pre-verified-input,,8wbn336JHzBeauK5qZvoxmB2XrcX3kdCmxLzwjXZU9kF,
GM8zjJ8LTBMv9xEsverh6H6wLyevgMHEJXcEzyY3rY24,false,true,false,false,pre-verified-input,,8TdDf5rxW7FDTnYPwLHG3B38UDtGvgCgYLGKpXSRg1nP,
GTkcUnQCncDf24pwxkksGNuo9PrVFY2YFkiN8u922XSp,true,true,true,true,pre-verified-input,,8fTNucB8tiHeZtVBECmojRUrCBX2AR93UZuY6vrMPvuy,
GTuvYD5SxkTq4FLG6JV1FQ5dkczr1AfgDcBHaFsBdtBg,true,true,true,true,pre-verified-input,,7qchMufMPrkBHEhrNWofw7MpYUyviG1kHGArveUzgpGM,
GULnyhi4bAkpciBEHcZ4iDZiWteBtPNH5rwg4iGxVugs,false,true,false,false,pre-verified-input,,4e9SffXeCfFfWaXX32H5LwoQLYNYrGCJFbYPYVJ9RqH9,
GXYY8m1oddHVaUKjQoZkDL3QYrv3c16sethk2BpKktfN,false,true,false,false,pre-verified-input,,5VTWpqFHreY97iY8ZN6tGbDAcqdT8B3TrvZkuzYTHTbU,
GXn1b7LVSwb7xwenDycdmn71hJPz2fYfM73FjdBj6ekH,true,true,true,true,pre-verified-input,,7evdBzwjorXNJd8KaRt3bbWsVRphy2wna954zKhUZszw,
GYy4kM6GHhpgLCUscuABbzkD2ZbJ2fneYryaZ6Ch7fFU,true,true,true,true,pre-verified-input,,8CX8GAErh34EzgiFSgQoDZ8o3Ewrq3PbRtK1X3YXDE9M,
GZPWZ44QJZ4pKArayYDUwP3R18gk4jBELE3ke7gU2zeS,false,true,false,false,pre-verified-input,,GZkEYHVJ5vkhxH8r3A8F5UvkXHc5BgKRkU6B9KBdvnPV,
GaNNuepzAvrWE4HB2vaQ5Z4G2LfhmL6tkmZXaG61gcNN,false,true,false,false,pre-verified-input,,6aZuaU5J44nKqmCGCXSP81VWbq3oRK4KFXzdYe1hpSD6,
7DFyauedGVDRHGooFB5bQjVEApEgNxie2jEsWsKuR5J6,false,true,false,false,pre-verified-input,,G5ncsk9jSXnXM8y4dtTdMYH1FS5hjtDyyfjQ8sQBEzCj,
7DruBJKkJxZERAaSUTgestXbUDhB5wSA9AWfA4Q5uLcw,false,true,false,false,pre-verified-input,,BfNrjzQvXEoW2rR3Yyxi4muf8viyxRre94jPWG7KNYtj,
7FaMyGiTVdjm8dd3PxpjjCX15ibbmuE1zWVFX2PHxYUK,false,true,false,false,pre-verified-input,,J8zGN1Ln3Cb1gVXnbzTQTTVyfqoLaHxKordCPME9gmyi,
7XrxoQejBoGouW4V3aozTSwub7xSDjYqB4Go7YLjF9rV,true,true,true,true,pre-verified-input,,2jbZt7QpdSFvZBEpvbv9HaxXQQSi3icT878Tr7qiDQea,
7db6vHi6uoKvFA5zP7YkadBQmnThhYJYJ2ova2S16JpJ,true,true,true,true,pre-verified-input,,7qoWLn55dJY22eg4km22MmfTWWQGXit4G4YPNJH24tVy,
7fe3uMMqrJjqmTy5rB4CVn1pvNxH6z5Snh8ULa3cQXmo,true,true,true,true,pre-verified-input,,8akRS6yHaNCZCAgD7PiS3dDW9YhuLgv6YkW94BieBGE7,
7hzRVxm83D5vrFvwLHd8HGcbZkFdwisfHgPu3JipG8xt,false,true,false,false,pre-verified-input,,3C8SNyHFBcpGMKPkNhnr9q7WC9yXAqqFRED3wRbwTqZU,
82qR3ftARSeXPBg9wnVrsLsAepfvimBUCPdNuiV9unhV,true,true,true,true,pre-verified-input,,9n1BGeAsFvZcnYsbMMHZRpAoLAZPtx8Zpa5LRHCEw5Y3,
8CXTBdfjfwkR8HhznsBju3zLQzNhy1MSj7EJLeq4ZaT1,true,true,true,true,pre-verified-input,,3Nsyt5rGgZ7DiENMtFDCqzuELM6b7JFRGYWjn1kXgY7H,
8Hcd5Kmi47JhgNr1GVYfAbMyXfwYo5T7UUYhGeEu8qPr,true,true,true,true,pre-verified-input,,4aU6x2SFw3u3y91mZLkdRjKN99mUCqSnH1wvQrSgNLxd,
8JbCYE7Zobe45cbbHZYKF87bbJQ54oCowuAbB9QzSUxh,false,true,false,false,pre-verified-input,,AagHXtR5BCRQXwNtiSdEqHn59dfPhAWqVrPRhokCZDUc,
8NkYNEeX6eUiNrK89cHfNmZoigaUCdi5NLGKgRFJ77oZ,true,true,true,true,pre-verified-input,,6tPgypxye1Lon97GHZQpmb4q2EDUGQt87cXKB1MQFJ9K,
8R6yamgQEWRZCD6JDPLytJBQNLRBweYNiLAoAizmwuWM,false,true,false,false,pre-verified-input,,6PjoyjYXkjeKAowdLSNPMmiHPQX4XW4yVfGzMhWFN4No,
8VxgngbmYP5TPwZBsDXG13aaNQdLQXTh4Bc9uGCd6t3y,false,true,false,false,pre-verified-input,,49QeGtMTBjELTyDUzD5VgptwCEbhJfcCSRh4qH5HCmy8,
8XJfG4mHqRZjByAd7HxHdEALfB8jVtJVQsdhGEmysTFq,false,true,false,false,pre-verified-input,,ENqPYa5CzspMz8bqcndwDAbHYpuH5atWppGnWJewNCth,
8c1G9EuWiAaKxQDcmdakhKhGvPNtNFN4kuymgvBpK4on,false,true,false,false,pre-verified-input,,BBS6rq9eGVHf8rgHjftDH4Q1oEN1CXK8mRogWpsYkFqj,
8e23bCyweHUVuiS3zhbhibuad5h6mXjwftTzPTjBomDq,false,true,false,false,pre-verified-input,,CFeRWNNN7J7bRgknunMi4LmJAFQ86oabNHChRKTrnBWf,
8eqh8wppT9c5rw4ERqNCffvU6cNFJWff9WmkcYtmGiqC,true,true,true,true,pre-verified-input,,2czLKYhxqyL356zaJCJLx8dheGYwhRMfMqbKx8uKFMFD,
8o9XyJy6jvPfSmABmVdHyenjBFx83tTbgWziz8QMS3BC,false,true,false,false,pre-verified-input,,845QZhVMNfer6HVPVq8JEPm8SsSQoxpqL1y9yUYqGtED,
3uWWGAvXKyG89TMN8A3xrYkMmsJFcL9zcjLcqUuNUGp8,false,true,false,false,pre-verified-input,,5Q2Rk2wcqY3DWFpsmnVMx85ZtBx36fHckXdocJxxpYR1,
3ujQg6Cqf5XycaPGRbEqZkTwRQSDmE8ThKfZXhCMy5o9,false,true,false,false,pre-verified-input,,BmREKYLMvNkyaadz9ndJiHB2KeDww7XtHFyTMwUBwCPm,
41FGToCmdaWa1dgZLKFAjvmx6e6AjVTX7SVRibvsMGVB,true,true,true,true,pre-verified-input,,Ftkrscmej5fH2tv3byZtBLeSzKzS6YeGtQywSemaCHvW,
45NNnmsshdzzaZeQ8o1AAQTsmxhSX5FRzjVbMS2MFBMx,false,true,false,false,pre-verified-input,,GxD4fxb9jEoNhFbSoYHabK6xpJZn5pq8ur9XNaV5eTnM,
47aZBskQcoKBXr4nLn2gy7CjSWDo33PytLaeMET2FfBv,false,true,false,false,pre-verified-input,,GXLKJpyuYhGHV1h2gvMqnBxbQ1KEQoTmPKZn7Y3sa56F,
48TD7bZLbSAmRavwQnZmn7q9ric8oWjjktPaqhN3Z5JG,false,true,false,false,pre-verified-input,,HWnrfnhJyWgF4d5XUHJCFDE7bqFMvDrB6KL9zvR97XxM,
49BqhK92MRb1tpwn5ceLsZZnGoSQaWzYRcPC6doCgUiE,false,true,false,false,pre-verified-input,,6S1yQHBmBG9wWNgMCMMVSMcJx53tQffPYdyqTHQpAKkR,
49up2uzZANpjTC3sgggbZazdHBii2vY9mVK3vk5dT2tm,false,true,false,false,pre-verified-input,,AdBgjGf4kMD3rWKftEchipbCr7WN3rMfXjH6EH6jzGtk,
4EMDPYMakiVuCUpsTdw26LkVcGwHUYaJLtXTLxCHzPDs,false,true,false,false,pre-verified-input,,4X1HZxyy1m54TK9MaBHD2VMBhJaXkZG2RtW4vPFYrLUh,
4EauRKrNErKfsR4XetEZJNmvACGHbHnHV4R5dvJuqupC,true,true,true,true,pre-verified-input,,BWHqSMDLVXuHgK8bY7bVT819zh4esKAFQ35ytqs9Eb7o,
4FFs789SLFzoYK46z4eShQ1ACZJ4xuEJrKRY3Jpa5Fz7,true,true,true,true,pre-verified-input,,FHmmAzyL34PjsHt3VigYjN6aWLKBLqYWGWDSLfagqLJi,
4Heqc8QEjJCspHR8y96wgZBnBfbe3Qb8N6JBZMQt9iw2,true,true,true,true,pre-verified-input,,FEjnGmKi2eeSRuYd5RLgybFcx1jo8ciTGmF5KtZkHUie,
4PeTcJYm5rPj4AU3Lq72nhpbyUxny2vJDTW6XUdpDDpk,false,true,false,false,pre-verified-input,,VNKLxVQ4kGqsGpp7SjNSHWThguGLZq39X856G42abES,
4X79YRjz9KNMhdjdxXg2ZNTS3YnMGYdwJkBHnezMJwr3,true,true,true,true,pre-verified-input,,Au1ZXzcgCwCD5MceXjSQ1YYDrTEX2sWBkN24g6SLGdbD,
4dgQ3H3XPWFh56h1AdZCzYt1WNfnD5R94d2pgTFx1jA6,true,true,true,true,pre-verified-input,,A5XMA8qccBTdB2gxu6QsLpq7k8exA7oSqxrkiH669MaN,
4kCE2755q2W1XbGahQrw4ZS2guHBnajFq7UdJc7sjTdW,true,true,true,true,pre-verified-input,,6T9DWu7gs538u4TzhFnERjqrMqkEkTK4vp2UXRz9wN5,
4sC1fceX7osnaP8JkY4AfgK5tSFSfS44rXMhX361WEPF,false,true,false,false,pre-verified-input,,XCxL22BF3iy9dQTkXhctUjT92Gjc1WHpyfmHA8GJwwQ,
51DFYj5Evdk3TnbipTmscxwt4HvJiYq5d3cfdriEEvqm,false,true,false,false,pre-verified-input,,BwET7n1Ef7SVd37jazGMZ8fY8qmVnXcDV5xX2xcQ6KuM,
5JsSAL3kJDUWD4ZveYXYZmgm1eVqueesTZVdAvtZg8cR,true,true,true,true,pre-verified-input,,38peLhENAdEwBg8w3cQn3YpM8D5WwVjaANqhioMsALDz,
5KAALa8AEEKnW6p6AacdnqNDmGMpfhwR7AEyWs1gUvsT,false,true,false,false,pre-verified-input,,5NizGbFpB343vRndYBZEN63X8x7Cj7SMCaQNyA4xk4nA,
AfJJJ5UqxhBKoE3grkKAZZsoXDE9kncbMKvqSHGsCNrE,true,true,true,true,pre-verified-input,,BLZ2tono2D8uAtbSnzh7S1G2JsB5HeXCMNiNb2g9nBVP,
Agae3WetHx7J9CE7nP927ekzAeegSKE1KfkZDMYLDGHX,false,true,false,false,pre-verified-input,,CcqhsmpSAfBqkBsnFan1XGZWxJrxfDJxsYgiaszzD9wd,
Aiondoc3kxg6Yekk87CUnCVsNoj5wJJvCBdybWk75RHK,true,true,true,true,pre-verified-input,,HvErqLyro5h7A4of7mkdef4yys6qrFQfpqzffP2UqV5A,
AnDLxgsBPAaJDCPnHpdioz1Uch4Luc9PjFQfwgdGxHPc,false,true,false,false,pre-verified-input,,Hx6n5mviiwpJ1AkXJiWwNRGeNt8FhP5frMVdyuxvtD3p,
Ao7GuFCPmeURduDeQQ54gykxHYXSVegvjQj4CHMgj6AX,false,true,false,false,pre-verified-input,,2x31BtwnoLscopbJsdxJnZXeYyFT7MeCkovN2kjgugof,
AoSuboMm2mBgJMYrEnQ2HozyDvLdqruMstLzz8be8cdm,false,true,false,false,pre-verified-input,,BrigBQ2KV9o4vbNWWHzMRqnBUKEdfCH9Z1VFsT8CYB1y,
AoodM6rkg968933giHnigMEwp9kiGi68ZEx9bPqk71Gt,true,true,true,true,pre-verified-input,,CpQbSmZn9GoXioitLnYFCAcxRf3da4jaYABUS2EAyqt7,
AquaFurRSVeVin1wJPmf7bvP6fCEKBqQbdpq6fr3aPy5,false,true,false,false,pre-verified-input,,BgcUhhGvLRKw6gpacEi5MFmtqoBzoXentX6m8peD7TV2,
Ar38x7KobxmwvKwSL2VzdjFxrtXd3Gs2VfB3ZCakyJas,false,true,false,false,pre-verified-input,,825Z6ZTmp8BbmrnwQbMNMiNSLXWiuSdaE6qPuvmqEME2,
B1osUCap5eJ2iJnbRqfCQB87orhJM5EqZqPcGMbjJvXz,true,true,true,true,pre-verified-input,,BByepN5MnBitZ7hZdkPb6uxbenkyWU27LDWVaoQbaz8K,
B8XxuJynFpSVkuYumB6mXFxHEkDvdddavCudCHH7NJWM,false,true,false,false,pre-verified-input,,7NZnaQBbdYhdLEtUZoFk1CuCGr6aXRfsUhn3uu3JWvqd,
B96dV3Luxzo6SokJx3xt8i5y8Mb7HRR6Eec8hCjJDT69,true,true,true,true,pre-verified-input,,94fq7vX7QPWhVULL9gNvX5XxycyydPBBHvxJS64pQcrC,
BAVbwU5n3cgRuutnqYkZ6SV1qzjmpDdnHKamE8fohWkb,true,true,true,true,pre-verified-input,,7Zbq589LS14BKocFSRD3QewSirnrTZ2kHyDVvPq89UPB,
BCE3naS4LHAfGeiN34dTTR42vBcKMC8tafF8SBDTAD5c,false,true,false,false,pre-verified-input,,54Ty59cobwnDNQ294649Pt9LPa6Li8ZcMK9F9Gnzeg9v,
BCuofnvb7QUP6xLH83EEbKFNjxz5T5Jp4xLqfEdURYRg,false,true,false,false,pre-verified-input,,7LHpAtcqgJZHYixUFzaFZb63M2b1xg4CH4UFANSK5XgR,
BGJQtQSPxa2nR9BodnjYb3Pbgft7nX5heQk3dr3uaFUB,true,true,true,true,pre-verified-input,,GcVJDKPQtRWe7pJjGgw6dQFjKA8C5qSqWc7ZDG9PtwRd,
BGUMAp9Gq7iTEuizy4pqaxsTyUCBK68MDfK752saRPUY,true,true,true,true,pre-verified-input,,FkEqjp7yVqKgKr7CjkcmDYpD4KxjzFvsUAQeySTqQBVk,
BRoueHsu3h2SfEse9ohXipm1R9uRGRSe3zPYsAT8RySr,false,true,false,false,pre-verified-input,,9MULUjaMAMKqtJKGm8qL3EshNuqkbC8G269rLF64UvQC,
BSe38ota5jSQv4UUCZfJYyr9E6zvq1PZBAotJgUhzZn9,false,true,false,false,pre-verified-input,,BsCmCP9NkSLBbvFttpuidiTpJc3ca7aPUuirtCd38VB,
BUYuxRfhCMWavaUWxhGtPP3ksKEDZxCD5gzknk3JfAya,true,true,true,true,pre-verified-input,,2nvFnEJA1HKueLpPaje8vR4tsU8rgRktx2dZhyjAfQZG,
BUzLPyNSfEGnKY3RozDtny4us72bYPbiCq2njQLjtaff,true,true,true,true,pre-verified-input,,DVdqaSMVMMSBTNk5FEvTMvqk1uekwaGLC2Qsuooc3XTc,
BavqStsFRH1229cdEVARG9ZAqM1AjWmwawt9nzMTNGgm,false,true,false,false,pre-verified-input,,9aQ5Xj44WCHn283pkhRXQPMF4XsWtampwjcf9T85riUK,
Bk5wQdDbfe2UGrrjBsDUJFPjH9mqB5JHZymrp4u95458,false,true,false,false,pre-verified-input,,5xQCPSXthVQyJseWvP9Q6HZDWrupdY7jvL1UTNVJCqZo,
BnwCWeH8zjtwNUbCaFPpku4AwRvb28xaaC9F8px7WMEu,true,true,true,true,pre-verified-input,,9GeRqmMP9kKLi5PukNBCC5DxcPjMWsJArhRAgkaNf4Xu,
BoXzSxwNc9ZhX5RXChRDgageCKRzSZTDb2ZZwHRucmY7,false,true,false,false,pre-verified-input,,EGeNHL9DFMBMCtxg9ib26xCE5ax6fdNP9KrjtE6Yf84K,
BzEhK3gW6C1uJfRR8Uu2xjKPyYiQGRfR8tr6UNdb6u1k,false,true,false,false,pre-verified-input,,BF1Mx2rRCbEhqfTzKobdPE8mb1tvuyrzsuU3JWgukNYt,
C5JTCJ5K9uhCkQHqCzFLw5MHTdYjTqvU9F5kxZXjDWJ9,false,true,false,false,pre-verified-input,,7Eq4Bq5mA5atc3iK2WQKPZiM4cb4ziQZcmwkp6xapds8,
C8iX3xV6kzmWD3qx8w9moH9RVqPpYgWRMrsfMUH3e54v,false,true,false,false,pre-verified-input,,6pzMdPFgoPs2ana1n6qbTeG8wgE8EXREhnGci7iCKxYw,
CAW7771FWrfBFtxAUrSw38fBVtKHns9WW9KCw65vnVsH,false,true,false,false,pre-verified-input,,J2ELVsrEoxDvPa54PGcpvKdvUrDKcWpEQdkTr9ggjSBF,
CCiTPESGEevd7TBU8EGBKrcxuRq7jx3YtW6tPidnscaZ,true,true,true,true,pre-verified-input,,8HEGwUWdaFWRF3uPi5PPCZgCdiLqz9A9UKtxZxCos72H,
CCtxb36kEPtkznyzZ2khxBsoUjiesYMT7gcXWewuGYms,true,true,true,true,pre-verified-input,,BAXeraA5WvDK9SwZtuzajH1v2d637mgWY8AnnBoH9jyw,
CHNLxYvVA28MJP9PrFuDXccuoGXAx7jBacfLEkahyGsX,false,true,false,false,pre-verified-input,,EDbtRsVLKW6FHTof7EdVwkNUPrfkGZV7NfU2TSbMU242,
CHng2DngoQ2d4ZyXumEP7xLycBzZv3i777dF9eYkQfxs,false,true,false,false,pre-verified-input,,MpnXcNDxkwAsqShUYs1ikDuAxL8MqhYcUaCnvt4v55o,
CK9bscEwv3uJRrtVFCaf55ascDR7ufgdk4udGsAWWbi8,false,true,false,false,pre-verified-input,,FmFH39NgVcVPHZBYU9taTBhciCSyvNGZcF6Y8id85KBM,
CLaim2U9C1AYg1APkb16PdxFVgeqSwzT9HDVESHhAxTt,true,true,true,true,pre-verified-input,,BnWdjThwmrPWs9XkAjUDh8gzRHR3pSZuLdrCY6UBDez7,
CM9y2DreJSMqzoRRrLkWEZzTB9ve5D4gQHcPPxrw8mxg,true,true,true,true,pre-verified-input,,GNnwhVuQtYyd2J5SuHTKicnnmLGWy6XKLw4GWYxY2ds3,
CMACYFENjoBMHzapRXyo1JZkVS6EtaDDzkjMrmQLvr4J,true,true,true,true,pre-verified-input,,9mcCtbKDunHzihH6s3wq43xp9dBnDn67Agp15MEgTKES,
CMAGAKJ67e9hRZgfC5SFTbZH8MgEmtqazKXjmkaJjWTJ,true,true,true,true,pre-verified-input,,B9oF1JnFm6v9VrQYAFvndBqWqpEMNDhVH7cwh1KzZrmt,
CPMWvEXzNTnrksm1PPXQzp2UUTXWxCKQaw9HhvDdf3nT,false,true,false,false,pre-verified-input,,3JCLhaQVAN16DXkihq8x9kDZj4CEZ7M1kg6wFF6HwLbh,
CPr4bRvkVKcSCLyrQpkZrRrwGzQeVAXutFU8WupuBLXq,true,true,true,true,pre-verified-input,,HYwrT4yW6Me2rUYH61BUjfXtcZMY8MPdPUqWJohq5zMj,
CSDD31Zmm3pRMHAMB8c3TBqsj9mbmH2rXBzV7jrsJhcd,false,true,false,false,pre-verified-input,,65U8HbbB5VeQXkMYGhsij6uDxGq4xhmhgrfAabvTWz5Z,
CTRLY9aJ4eSnFU1W3S9QUVoHhMme7T5fR8gMCpkTFuWe,false,true,false,false,pre-verified-input,,5aLq4zTyJqt2owDM6EUVnMXVuDUdXLYZPwhEyuLdfTxT,
CXGRA5SCc8jxDbaQPZrmmZNu2JV34DP7gFW4m31uC1zs,true,true,true,true,pre-verified-input,,64BX5EwMHDuFgdd5rjDvJwdBYj4YVQNAAU7hjtusz1Sb,
Ccip842gzYHhvdDkSyi2YVCoAWPbYJoApMFzSxQroE9C,true,true,true,true,pre-verified-input,,6bBLr2B1oAXcVbw6qJXEpZRCBcD8kfQcPRBXG4kgu7Qc,
CdFSZoCDhmTYeyitU2Dij38DNntcYVu1phkKeyV7AZNr,false,true,false,false,pre-verified-input,,JDT6CSvDcBs9FCnTNhpqzbBLtocBdhgZfTna6WxgqUst,
CdvSq48QUukYuMczgZAVNZrwcHNshBdtqrjW26sQiGPs,true,true,true,true,pre-verified-input,,2anXXZJEqa3WRuh4F3jQdLYqk6f86NFfoBrivj8sxUCE,
CftvdSTmVaaXg4YGKhuCCWo2uPhd9RTY35JyyKqadXnX,true,true,true,true,pre-verified-input,,5eXGUyeWPmfG7CMuCsKaJiPbYBKSetELeKDKTYsBLRcC,
ChiefYGYadRjMCgMNqbbFV8GUfiP2TqfRWzcWNynEoPh,false,true,false,false,pre-verified-input,,3FswsBH4KvUgToVySp67z2fDpsArnVvkd58Rkpv2LR3a,
ChompZg47TcVy5fk2LxPEpW6SytFYBES5SHoqgrm8A4D,false,true,false,false,pre-verified-input,,26d3gKxeiu8cF6XHWaMiS5XwjRR3QaccweoVveMgqCVD,
CiQPQrmQh6BPhb9k7dFnsEs5gKPgdrvNKFc5xie5xVGd,true,true,true,true,pre-verified-input,,9ijB6c51QcPTZHepaqB2mB8C9yTaDrdS6b58mJbMYGRT,
CjjskajkSeYgfQxx88wcaLvPSe3RmGgbpzkHpnQevyB6,true,true,true,true,pre-verified-input,,56AUPAXvcPmVzdyUHmDt7GJhjKaFaLz47BfZiU7shWtK,
CoREENxT6tW1HoK8ypY1SxRMZTcVPm7R94rH4PZNhX7d,false,true,false,false,pre-verified-input,,APbpJKcZKqppeaUoySdgzHYwtehZfh3AewNnAGwDtimk,
Crab3VG41zLxPMy4WkVvJTip8TrjSY6zjfi8Dv69a5A3,false,true,false,false,pre-verified-input,,5MdxoZKi85jJQB7mqBZ7Uv17BNP5ohvEXps1ZcmaSLTA,
Cvm5BGQBVQ8WKGEtU4VQKHNjs4JyeBUph3jctFPDveW8,false,true,false,false,pre-verified-input,,3XGRDfUHqhz1fpaFcTECFthX4S1eH1GrYFEwTFyrNstT,
D4fwqE74azXzC6euWAmDoH6Up1gZEh725odUuZHcCqEB,true,true,true,true,pre-verified-input,,BN6zRUFW89jwJ1uUZbd565CRk7vortEYiEPEX132DAKC,
GeMsK5Ru78XGVCQoyLkc4ECbpFZEgKkK1ukAiMWadHpc,true,true,true,true,pre-verified-input,,GhkbtEqZ2RQm3SSbhudmJoJiKi2CYBLpfK2jZ9zarSS3,
Gmso1uvJnLbawvw7yezdfCDcPydwW2s2iqG3w6MDucLo,true,true,true,true,pre-verified-input,,7EajSAQ8RufQsMrcVZzdAV5XmFNvFZahWvcknMzMJeQg,
GoB3WxFTNYh8kqicpC1eYjnJCx9qpcy2TuGsVqB38pmz,false,true,false,false,pre-verified-input,,3gczCYJFYcXb3xZHEdiY55jX5FZhe9y1RKs3SATSjvLS,
GqaTGY2s6PesfziBiQC5dVxaAagyZoFHHoFfQxe5VsRg,true,true,true,true,pre-verified-input,,5ymZhj7vKGT6bpQvLzSrZfMC84gEitMTYtb3Ak91rcK1,
GsSCS3vPWrtJ5Y9aEVVT65fmrex5P5RGHXdZvsdbWgfo,true,true,true,true,pre-verified-input,,dPgEhMHBuPdZthNc2GAeGAkGzc1AqEGW95YdXjjH6KQ,
Gt1duB4bPj2CmW9y7eiGzekeCfiR1UckjiyPGSbyWRVU,false,true,false,false,pre-verified-input,,8VCnGzpxhecESw5buhgot6K9ZFQaqf3aWX9m86ijZDGC,
Gz9o1yxV5kVfyC53fFu7StTVeetPZWa2sohzvxJiLxMP,false,true,false,false,pre-verified-input,,7h3ZM1T2R81q1FDhqK4yKNCmWxKt2LkXXcCM5rcu19dM,
H59K28q5kyteWfAGqt34pwkduNwntcambE75tXVp3nZF,false,true,false,false,pre-verified-input,,GfBShKKWSEKtJSNddGkmU8nPY1wtjM12f5VmiFWuZMcF,
HCMBs4McFkMXzrCi9xbgSejtok3q8qD2WHZbbHwGxWLy,true,true,true,true,pre-verified-input,,GaSY6ohZir8z8GEdnXsRjnsbd9WXyKNCJff7jrHnc9Au,
HEBAUSMDyqBGbEr74ywsctAJJYiJpWarNWgRCyGgkffN,true,true,true,true,pre-verified-input,,2vQq64D8eR4XSh8PbtkmZtUvPEKJBsVuo8Y3ce6HqysS,
HJsZ53Zb27b8QMRbQpuDngE44AdwCGxvEZr61Zmxw1xK,true,true,true,true,pre-verified-input,,GGj5xvRY6vuvWt3NkNhdtntDipBnAXEDaVVUcyqL7mJ1,
HKsNKvMdLGseSCT1SSgr8N5kqTC48jeTWnLuHB9AjRH5,true,true,true,true,pre-verified-input,,H5uVe3uJwbcMGZKywHDMFJSKX34TiPzydmschJFqjL3m,
HL6YS2Mbm8kXsU5pWLSLcZRVjSXz7hNgBniKcpPN6sJi,false,true,false,false,pre-verified-input,,5jNCY22qZC5V4jXXzbeKWiGPY16TNtWTeMEmYjep7v9Z,
HNarfxC3kYMMhFkxUFeYb8wHVdPzY5t9pupqW5fL2meM,true,true,true,true,pre-verified-input,,HUZtg4ipBVXHFNpherwMnUwPVAUZVT4RsvJe5Qa4yWDR,
HSuZqAbWgtJipGDV7h45ZqUPhh42hgQQYg3fiMuSUZLV,true,true,true,true,pre-verified-input,,4CiUDQL5y2Hfo9yR8yDQHWBvwRdH6YQKaabk6YufkWAh,
HTJhkCtgwugSJyurUo3Gv7tqXJwtSGX4UyrCVfttMi3a,false,true,false,false,pre-verified-input,,CEAsei8N8DJeu2Tj5Qd21j95dHCJdwpzTnhidDoMLuoE,
HaQe51FWtnmaEcuYEfPA7MRCXKrtqptat4oJdJ8zV5Be,true,true,true,true,pre-verified-input,,HDy1BRqMGS4hyLzjhinPrWGgUisvNAjSPS9K5PMLpErm,
Haio3oNYt8MtL9traoQNJ9RXK1XEVaQBBrZZKXt2VXjz,true,true,true,true,pre-verified-input,,348TgFewSeVZH8GNzcCZJjxPZKuDNKa5kndv2z6z1BJo,
HfU7iK2hyesWG1abBD8nXDpsw2ijrA2vpdiNYNj3Hg3c,false,true,false,false,pre-verified-input,,8ZLrxESnkb7tFEYr8qVR7zP1KN7Usan5QAS9aPqLco9N,
HfYCWUgFuUbuzZTeQAAGzVkXw2uFM51QRoDfhFV8vyCj,false,true,false,false,pre-verified-input,,BqWEb96wK73JUmecSs2XdWfhowg4e8dvE78SkWJkRnc8,
HqUmnTMGLaECwrkyaxg1zo8tABQbngfjQLqEGSxBmAHW,false,true,false,false,pre-verified-input,,93Z6Mmkckd1kymTzF45w1rNkejMtaYiZQ6stHUj1SLXA,
HrtgpRUW9NmFoXsiXLsJGZqX7pkbJ6PmBpqmuwE4syDc,true,true,true,true,pre-verified-input,,AJ1ahKeYJnLy7HrRio4udUKEF9SnjWjWtGk9mv3tk5nd,
HxdhCwohSbt23EHpHH2yzub82nkdmZP69NFrXwyUe2cU,true,true,true,true,pre-verified-input,,8ioP33NV8MGyGH2YH7VTaqsVXhANnHKzyCyhLEKnZkrP,
HyciDEYB9hXdmmLMexTHv2QYDaJmuZr1AF7sipBbVLLH,false,true,false,false,pre-verified-input,,DwNfBdUb8GJAr6jkcUYD47PfWWEABdnZbh1RHrvY3PsP,
J1TnP8zvVxbtF5KFp5xRmWuvG9McnhzmBd9XGfCyuxFP,true,true,true,true,pre-verified-input,,EcF6C79X39AwCXvpsEPcb8Te3GNUgynBUaW5DcDffACW,
JARSq9S9RgyynuAwcdWh2yEG6MbhfntWq7zjXjAo87uQ,true,true,true,true,pre-verified-input,,4s43sJkAy4esgygpp64Mbq4kQk3y6FcncHzjbDrQqshJ,
JAZWcGrpSWNPTBj8QtJ9UyQqhJCDhG9GJkDeMf5NQBiq,true,true,true,true,pre-verified-input,,V2DoJUnEQ7emRRRVxHvY29axk4a2oQ1jsS9uEMtxRKX,
JBq7HS6z2Rz3aiiyZCAJvh2B9FktFxQ48XJpY9nSd9NX,false,true,false,false,pre-verified-input,,7bd31AaL6gyySVBcm7EtsHMEwJW5TyLc9E7zosvLmstA,
DXxCKeaee3YD1HeA1UcBxTiHGZYFDZQ34Q2bjY87Nyoc,true,true,true,true,pre-verified-input,,4bkeCGAHH81SVKYHyS1W5FBv6CrmzjAhyjCeAkKYwwKX,
Dash3ZZKehWHGNvbCpkde6gvJTR2io7YZCt5DyU73PuJ,false,true,false,false,pre-verified-input,,CCaCVgdM77G6C4dVHHTEd17X7AdiBcCW6pEP8PqZiNi4,
DeHa6pyZ2CFSbQQiNMm7FgoCXqmkX6tXG77C4Qycpta6,true,true,true,true,pre-verified-input,,CmbDWHtKXkDAHhQMoy8JVt2vfnWyTRnSmoxE3UCokHPs,
DgBLc1GJpvwWdb9UbDDkMFPGMbC1sCvP5APgjC43AQp5,false,true,false,false,pre-verified-input,,2BSpVFby2MTFy9yiRpFCpeJX2f9vb33yTjoMMx3upera,
DjFU8TKKxWaUuHDfZupuEBM7ZVVuJDkVUSW72XKwuwnv,false,true,false,false,pre-verified-input,,C9Avss1kyhSJJuKhsxCMuyCj5gfcLZeEZgyFcaW4oRjJ,
Dm3SXYSbQJJjiFR346vLh41wdPnXSJcq4pMsheuWnfU4,false,true,false,false,pre-verified-input,,7vBV5meprTMdLM8W73y5o8L1Zn7gPAfLLGuYfNMnyz9m,
DoajfR5tK24xVw51fWcawUZWhAXD8yrBJVacc13neVQA,true,true,true,true,pre-verified-input,,J81ZCLfAoHexmnFYdoBTeKMGbLUbYL1eGDNiaTUWY1Ea,
DuwVxzTcYrXrBJWKeHeJp4H9PAF8pQbEqpNhrUpyYub1,false,true,false,false,pre-verified-input,,FHcXyHdWUCRTxAqC6UtM5RWHi6qGFSrGU5t45VuGQHjG,
DvoZj1cKMi8DEvTxBgNEnj9Fhxx9PRAsVTEWEZ2e6YHx,false,true,false,false,pre-verified-input,,BfbHMiJ77NMqBvgv9JqKXM8tu3T3prJkk95Je3vm92qh,
E1fcPKuV1UJEsTJPpab2Jr8y87ZN73i4CHTPLbWQE6CA,false,true,false,false,pre-verified-input,,64EU4pNDbsurMuVSb6qMLQV8L4YAzat4h2W3trgxeqEj,
E22mM2hSBAb786m9c9mfdgCopdHVaXqeGF8fuNC7rgFJ,false,true,false,false,pre-verified-input,,CvE9KgfVkuQmHCCd2i518Qg8RsmW5tMQwdFdvXPAkJoT,
E2KAtVvm2N5otMYLwXXGySP9ZGEf7aRy4BDarajw3eJa,true,true,true,true,pre-verified-input,,9dRRapV68TxWEUQJaMKwkNubuHuPWcsZfxfPGScR5SCC,
E4ix78FMZ2HPjKvAyvRXJ4v5ipqZYkVUuswjuHkX7Q3v,true,true,true,true,pre-verified-input,,Eb6ecg9U51RNyoaNZsJtTm2D4g1Pci5JBY6bKwfkrWEg,
E4v9QcjxqxP7Jx4xCeHnpcM5SQFCvq1dMDZBrsg7dpRZ,false,true,false,false,pre-verified-input,,7wvJxrBZgri22LiyWAKrEwWzHHGCy7h2jLhRnRxnTkn2,
EBbTdxbjNRifn8HFa4rtcjBy3R95PaD2aSq8gKEFYzSt,false,true,false,false,pre-verified-input,,BdtikSfwJJp8vJQWk6QsTVtPdWDHLVuTJNkqqyfwLtV7,
EDSh6vJ7KDsB6UStKYt4mDBcAJqVtS7JWoPbDXw81LSr,false,true,false,false,pre-verified-input,,G7YRXCrungrGP8zcwrLHmfBqn6qYb8upVhwFcjNkziwW,
EDY4bp4fXWkAJpJhXUMZLL7fjpDhpKZQFPpygzsTMzro,true,true,true,true,pre-verified-input,,EtmVhsXG8omAK4kcz9zqwCsEdHvhxMG7aNV4aUkoXrVg,
EFaNWErqAtVWufdNb7yofSHHfWFos843DFpu4JBw24at,false,true,false,false,pre-verified-input,,HebNEphyKEt5Zkh6NuZTErjxo8uYNQVPViUPs3zurUJq,
EHYqhQQLKRy1Don3p57B3FozPM8TVHKip6tsSx9Nhp4k,true,true,true,true,pre-verified-input,,8V176ZMFYsFYFamcAprNVpcSNArPEa3Xv5z9bNFf6ETK,
EP1N2w7ijCboXHJS6mfysTWu2vQohP933ny2cHovSxfU,true,true,true,true,pre-verified-input,,MTK12NTjrEG4TJc5FRSsiBbhhtCvZKdmdV8Ut5TqD6Z,
EQkRJkgLqNQkS4hJKieeTFpW6mAbFDKQpagj2PFZ2mzw,false,true,false,false,pre-verified-input,,AjoSMK3HTfWBmRw7miSR7NQr2rsgB88YddeVYzms9KFn,
EVe1TGsNGiEJJRgAxu8C2gXfHcMb6FEy1dFkunTXw4SF,false,true,false,false,pre-verified-input,,E6aLKjMfNhrQRxZ9AbcySdGhh6RPk7GGVUmrACKkqGwn,
Ea3YcYPZ7ZgGmxbyu31Fw5UQrv867c3AWXrKUGn6yupP,false,true,false,false,pre-verified-input,,8seshv6Pv78HakTcywvfi4nzWMmgu4gsrrCsi6yYDnRo,
EcoFXc9egMWmADWMHqDcJgMc13iytrdjfZmGtyn7Zxig,true,true,true,true,pre-verified-input,,6D3Vg422tkXvzLHCGwLxWKA9LKnVDjUnXJ44DF6o8QK,
EcoFvY9tDz6kaxAQxNHga68sQm535DskDBCgKm3tziaT,true,true,true,true,pre-verified-input,,GF3PTXp5a4m5JoToTFqq5GqqMARLAtNs8rkSZu12r11v,
EcoHDiDaKXryeHsvRwoJNPEeS56uhmPDd9ksuPyF68ky,true,true,true,true,pre-verified-input,,8yDgT52Lq8JiRu9prEYmimS9bq8DnhARGUnQCYEUNVyq,
EcoLAP7GStetXHQa3R1UcKb2iBbodpwcSajQkiJKgF2U,true,true,true,true,pre-verified-input,,FjvKoijy5WnkgXpV3rD8PY9ya8DvjKyW9FCFyZ2vr69R,
EcoPZL6PoZ5zHUUpmJLfux1jw126W7jhBB8zrVaFaK1y,true,true,true,true,pre-verified-input,,E3pMHGnJcKwCcZBxxVnFZi68mzuYregnSWSfojTjhwZB,
EcoS9WNe7onaxkS9STYMHhUKsvjQGte1eitKhXCpvSPi,true,true,true,true,pre-verified-input,,C6UFTaV9XuijuuNdo18R6YoGUeebAk8uSnLCUsg2nCp7,
EcoSKGQcT8FD5WyAAN9txJXMWQnvdy4SZZrUTNafLD7F,false,true,false,false,pre-verified-input,,B4FjtVcgXYMxyKbhRfbmej9f8DzK4fwHzJVJv8D6NBrc,
EcoSzR9FNYLNQkXZMZPhYeKiHtrURh2652HjeS9EG8Aq,true,true,true,true,pre-verified-input,,4BZx1crgaMUPRoE8BNwRt3kiHNyWcFqVTV1GjSurqAWV,
EcooM1j9JpiW6dKyHQXKQxSE6RA9J9Kob89ByYW4pg3j,false,true,false,false,pre-verified-input,,5aaNFP81qaa8mfyGJFFUif5FDiw8fnBy5v9q7AnnskUf,
EcooVeaWfmakN2sDgPFRPZpShjtLSAKd7JNHmFAq6Jyq,false,true,false,false,pre-verified-input,,764S45dW2irRBaxN77HnYXNrJV3ASDxQiSGULc8ZcQdV,
Ecoog459avhoPbVoNnh8616uSHixCQdPPtedqNXohLLK,false,true,false,false,pre-verified-input,,Es1oTwv9gq2iyhUpBS8op6JxU4cpyM9b9tbUPuD3WsYZ,
EcooiHrTiMnfUBMw297gvPwX55HD8SCxA61tBBLV3yaV,true,true,true,true,pre-verified-input,,4UxSJj7HfscFBm1P92YXe9MdyRxQ8235WMhRLo8bquVK,
EcoomzsaoaceYwxUSkiNqDYRyP5djqCY3AFExxKyX5rx,false,true,false,false,pre-verified-input,,8UkEoSxAZ5P58iAA3mbJ1tRs6nJFTywaKDrxomDB4j1,
EcoouNeez8PvCP9NJTywGdjYFAXnZ6pkMapZwymxg2GC,false,true,false,false,pre-verified-input,,6omDgUXSMUz1nij9Xi3ExFHBBhAXyTobF52WR3BUqgF2,
EjpziSWGRcEiDHLXft5etbUtcJiZxEttkwz1tqiuzzWU,false,true,false,false,pre-verified-input,,NqxDMPVL7EWUFjYRrgNeiAfoiU44uqQD3W2BsnBmpqJ,
EtZMZM22ViKMo4r5y4Anovs3wKQ2owUmDpjygnMMcdEX,false,true,false,false,pre-verified-input,,8LjwqXLLPHfPRJpvmxoYja5tNDWS38MvpiJkjBbkc8Ke,
8q3gx2TZ26ne8sETacwW8p7JLMeF4p4K7yEx9VGMRUiH,true,true,true,true,pre-verified-input,,96dVp19cdoXA7pndoPhMvAtg2hmyK7PpkATV2uw6Wic2,
8zPmKwY3Wv9yVoP6xZnzkAUJX5BeqM7aVMDZio4PBDyb,false,true,false,false,pre-verified-input,,4W8pda6qdt71ogVPkvu9QJLc9k4YCA1pmgdFYs8VAHrT,
91ahrFntCbnRAcJhsSQGd4j2QNdiUZTbESA6cJYKeovn,false,true,false,false,pre-verified-input,,4fz35pbiyAQHR8NZASxUP6EFiqiPKBjkTDHuoL2PMty4,
95UyNHWjir7Jyjr4hSr7rCRZWxq9dfy6NGfbtmuFPvha,false,true,false,false,pre-verified-input,,8uuFPmp3zHwirn9mAADH84c82Hedky2xxuF1vJdMAanJ,
966JxiTW4eagG3jhk4iuJenn4dN2jopkjSHCyT9WGs7T,false,true,false,false,pre-verified-input,,6ubBZ1mCFy91jqhuF3MZ3ePyR6dzhPAT18wrwoBKZFE5,
9DK1L9UF4EmkrMPpv9FZs4B63RvVPwJR34NGWm9NEbVy,true,true,true,true,pre-verified-input,,DNU88gKF9mWw46xhxoD9zB2uSo2a7xJyPAXwXUbpeiNV,
9F77hJsRRXs7vF9UDncZKth2r5wEPgcRkEfyoZDNQ3eK,true,true,true,true,pre-verified-input,,Ckc96vdQpfBRP4CoRExiW3GWmLadmXaRwxhXS3mkrL5p,
9MXzxxBeSiTByU8UagAKBS1eyhauFiJgdczKCGrNXi26,false,true,false,false,pre-verified-input,,Wd6yGpEr7ATqFcwT5DkXX3Sian9kb3x3Dd1fctrb5LT,
9Mq2JHE2c38LTioLQYjqbLDd4jJkgftLj83VYiTYrfnJ,false,true,false,false,pre-verified-input,,DwAK6M8iHZZEaH1CMX94VwhvLDK9SnZvQBBmr5AtcQnL,
9QRjXNEfR9ABnFunKbE2AWYUR2siRVhzosTDn8RmkAQV,false,true,false,false,pre-verified-input,,9cxDzNRj5kfq2P3DuSmKUBDkv4yEXfKaJ8zY66fARwX5,
9RHYhLo5Yr4zgTh9Bio6LKgqJRm5cqQXq6hso7fWRVq4,true,true,true,true,pre-verified-input,,Dz5kiHhWNX8Jx3kPiPxAtLVyqad1q8s6nJbLc6ybVxWb,
9XiAk8AJVCWkypFstaRERag2DeKgtSergJR4PqTYeV9C,false,true,false,false,pre-verified-input,,3i8pMLVwzcYZ4qffWPpLr3x8V2oWfaZK3wGoHz19SpHf,
9cstDz8WWRAFaq1vVpTjfHz6tjgh6SJaqYFeZWi1pFHG,true,true,true,true,pre-verified-input,,5d5RGWHNCvzsMVmqyA2kgVdxNHtVACAMRTTTUrg5bz11,
9eMe9ZfiBf8mtcB6RqP45xR4HRoYBRmfcR98EuxXba3X,false,true,false,false,pre-verified-input,,BR2LUKf964ovqxmA3vErgeMxNkNEzWENGeBg1nGZWMoz,
9pJW6zuXvTweg5doiWn9wAsqKcnbMsJPWLq9zWyGApmA,true,true,true,true,pre-verified-input,,3J5Zfb6dorEMEzXYkhMxFHEB6Uo17fy6pWDQuRga3965,
9zWqf5jhauvxMc9RETXD9xbaMBrJpzPzGB6PR34Ksq6Z,false,true,false,false,pre-verified-input,,8kuT3Y5wAiKPJ3mshGUHmmn2WFydtpemnMQpvP9LuUVb,
A8W6AL4JhE4EDDcfXZ1Q8vQpwp83AnPj4UZ6y86gVFKN,true,true,true,true,pre-verified-input,,BePpUUsqKuqVFqjXmTfehbCRMNzjjc4BeYMg8p8CttLC,
ACFJxibNyTnVJVNTaYgBSi5YoFK3qy3xPqvmVmKynAC1,false,true,false,false,pre-verified-input,,8mrNadazBJ7ceLEYt9j47dfmGy7xT8V2CpDjn1dXfjSe,
AL7nyF8UR5MsmXrmnCf8SoAyT7ccK2DDQh6GZufbWcje,false,true,false,false,pre-verified-input,,Fzqy93A5czmirmrMAV7FqBKVoxrvmpA4wKwLDTkPTVJr,
ALM1JSnEhc5PkNecbSZotgprBuJujL5objTbwGtpTgTd,false,true,false,false,pre-verified-input,,9QtiZVkCokQZDbDAwN6KJhg13u14GfRKcomJwupbyBNJ,
ALNxxwxd2McX728T7dFkpuvowFsA1BWvg39x7byfqeHK,true,true,true,true,pre-verified-input,,HjD3cyC1ugVYE5ipzj1Cco37Rb5XnFJt9A2KhwgS7PJK,
AMMJdEiCCa8mdugg6JPF7gFirmmxisTfDJoSNSUi5zDJ,true,true,true,true,pre-verified-input,,BHu1MLAJAjpcSTPqGc32GKtAn85YBTnDKY2FfwfnGE58,
AMMyu265tkBpRW21iGQxKGLaves3gKm2JcMUqfXNSpqD,true,true,true,true,pre-verified-input,,As2MA6VRFsTxFRxwQqN5ZaRk2NyvDpHtPcMvSg2jWHPd,
2K4ZWngrtJCt1CEiggxfBag6h2jVP8V4Gp8Vc3wrDMqU,false,true,false,false,pre-verified-input,,BPK7nWHPsGC5xtbrW7CoNFpz2hNdHyDwcCY6dur3E7B2,
2NqsQ7zQ9fq8azdWe5NGTW2yrpSHhfogf7TkVavd8hDn,false,true,false,false,pre-verified-input,,2ovnjkvgwbq9pHb5mWdVjruz6WmgK3deYhCDZFhRANwf,
2PJFAtPsVzgLrmvj2Hwx7x1DuUXSjgW44qSR35MZshaD,false,true,false,false,pre-verified-input,,AhvpxJV9ycJVXQ8MYSAyaty5xXMdUAmZ82d8cjoHNfDt,
2TtLXuQzQ2VaBgmbrUAt9PviBSJ1W4FugSpE4gZZe2rL,false,true,false,false,pre-verified-input,,J6cAYnT9VQzJo4cDSUEdSan8yfFQc5V4PwMxYYdCQWKd,
2bag6xpshpvPe7SJ9nSDLHpxqhEAoHPGpEkjNSv7gxoF,false,true,false,false,pre-verified-input,,57KsC6EUXbRdZviEn6GsNKbTnSicahbDVoA3CvMBtnzw,
2k7JFjY617MMCsshPMpRkYxR4Cx1gALPeFgNpfvCg4G5,false,true,false,false,pre-verified-input,,6EmXNTbiFaJF9sxf1Pz13m3tL3TaBwocyWYa4d18KMyS,
2qEmhLEnTDu2RiabWT7XaQj5ksmbzDDs6Z7Mr2nBcU9C,false,true,false,false,pre-verified-input,,CkSxeKnmG3AbaNnr4VAfDrBpFfiimq7wT89x5ZkfbBjk,
2riPXyzsFhSasZTxbEeWuuvHu4P5c49x4ARJQ4wgLiTF,false,true,false,false,pre-verified-input,,6wyufPVQTdoCEvjTdSebqmfNmWYz6hqUeg95miqPxy1E,
2s7V6oGMGMY2ys9y9FHBKt9HPvxqCUK2DpXEWegWzA8G,false,true,false,false,pre-verified-input,,B6TLtJZ6DWBBU5nDHAwu9e7FdjRjxdXqpZm9gzLQRYRS,
2zz7bEA4TzSJFvvGBgdVAdFBpAfkZHK3fCFBQk63MiBG,false,true,false,false,pre-verified-input,,5zB1k3P6iHyHXqYkJjH4imsNkvTqkLHPdsPDsEL6RUV5,
333UA891CYPpAJAthphPT3hg1EkUBLhNFoP9HoWW3nug,false,true,false,false,pre-verified-input,,2SaGcaqJoyVuaHRK58LyxWGx7cUu93oEg7PuDjzykoN2,
3E1aVUGyYmKsWpWJHLq1EyeDvcrm5jdWr29eS5fm7ypQ,false,true,false,false,pre-verified-input,,7N6PfkpUtpSUKRWUxKUuXAufaHTCGBnsQjMoFnNGHAQN,
3Ecf8gyRURyrBtGHS1XAVXyQik5PqgDch4VkxrH4ECcr,false,true,false,false,pre-verified-input,,GR9ySfFCAw1fdXtDeGSvWh9GvC2wLFwePPWZAFPsr8Pv,
3GDAw4cHZ9a5GdF8hXjiKwHmrMzESAG3NgtMgks3ffJd,false,true,false,false,pre-verified-input,,G6eWKz7AUbp55H24QP1WkrmF77nUNPcp7vCtaFszhMKe,
3SBbfZgzAHyaijxbUbxBLt89aX6Z2d4ptL5PH6pzMazV,false,true,false,false,pre-verified-input,,81PChbzzWVgW4FRyEfWraEAQM8nQNn1Si1Fjtge4bAC,
3eZMk1HzqcbgBPjjyz9Hkd2QPxLDXCiVBx2syKUYT9oC,false,true,false,false,pre-verified-input,,GLLUQPyADNtVH4n56svaP3EaDcLC9rhvt5e9Biq9exsz,
3i5JeuZuUxeKtVysUnwQNGerJP2bSMX9fTFfS4Nxe3Br,false,true,false,false,pre-verified-input,,3Ac5pDr1W1KcnmQm3jqNy7f3UbN6V9MbyesQRQPmtqF1,
3jSkUuYBoJzQPMEzTvkDFXCZUBksPamrVhrnHR9igu2X,false,true,false,false,pre-verified-input,,Anb27tv86cASU3tAU7fA6hbgaDt1WfNJcemRC6MTfG81,
3kcKCPiVLmRemgdkGmqn7GACSsnksyxiqcrR8BHjvr6q,false,true,false,false,pre-verified-input,,ELtzWPotAG4sDGvCi4CyKWx9FCyUozV1XbuVHQcDiFvT,
5WfZDunYYsLUdtFvJPVQ8Hjcdn8jSjFKde43w5jipEYh,false,true,false,false,pre-verified-input,,3vxFB5U858dUKqC453mNQX4hHQfg6qGfbV9UH3CUdsGh,
5Wk2dwSDQXeFdQzFQ4Pck8qtSshDxDHxRc7ZTWUQTAn7,false,true,false,false,pre-verified-input,,4dQJ9CPQvBZWS7UAyz5BJNjzdKjfwVMUMBqeRaDmf1qx,
5WohQRRzC31SkFMSWgEqJC9p2KvNhGkQbzUSsNUi9b9x,false,true,false,false,pre-verified-input,,3kQz5DMHtqLuQkusQVUdoJs8m3bqXCUEZtNU3KVhv8hG,
5X2xYZ1oAebuc8NNMHa3LNgATow8QoFPuFraji93psJp,true,true,true,true,pre-verified-input,,Bk4mbPeoRD4HUsPz2zmsz6h3P7rW3VwoJmD5DGqZXpZy,
5XDrnPsfpZ29v7DRrUtUBJ3yr5n1mhSUDyEzPuAvakHv,false,true,false,false,pre-verified-input,,3zGstW7VdDZ6gnth9oKco55gDbG5cSEiSg72d9TfwkeD,
5cYXkrghW4c5pHcHe6iNfytLHcq3piyck1WfkenywEaz,true,true,true,true,pre-verified-input,,4JGPdT6TAksoBCHuFB1LnubkQSKWkoTcQHowi4QRmZPF,
5g7gmJPoyWFgw8tyhhMonrTuayW4D9f6JmPhZJ4r1Eqr,false,true,false,false,pre-verified-input,,2BJdrzCnNK2w8ddPbESdvM7rEJxjbS2AXzpXnknPmJxo,
5jzZhrzqkbdwp5d3J1XbmaXMRnqeXimM1mDMoGHyvR7S,true,true,true,true,pre-verified-input,,EHwqqyhi4tRC1ctefyeGWr7tndc6NvFCtLRQdhBxqPT2,
5vNJx78mz7KVMjhuipyr9jKBKcMrKYGdjGkgE4LUmjKk,true,true,true,true,pre-verified-input,,FsoVnJx2apGE9SJMPu3QKfqg6GMAEQdsFgGVhDc93Lim,
61DFfeTKM7trxYcPQCM78bJ794ddZprZpAwAnLiwTpYH,true,true,true,true,pre-verified-input,,ARpUTgSk6XR8aoHGxmQ7RnVvSTFw8mtW6j9Xuxwj9HW1,
65BeAsYduu3X91yWbF9TQFj6EqD5TpqFyfWMEkrpdNZv,true,true,true,true,pre-verified-input,,2nmJbMYvXEqJJ7YETC1HXVb44PYnFMZBZyxaccXaLLvB,
67g5HhrzQ2eqqEDJTEogHGBjAfwRD8evD3wg6LTDV8GK,true,true,true,true,pre-verified-input,,DLfKSWq1791mLFwHDwgyv28TR6Wm6GPTa6BqJMrcAvpQ,
68sWENgU5D4HCSjCSxnAtvP5kr87TJmC8VuWbQqMP3yx,false,true,false,false,pre-verified-input,,HPGn71kEnEKvEAHNXNu8bXigWeXf2NQBgcq2s1usgmWd,
696Kq6Vyza95pby6G73EZ6HzMqezmDffin3FivRmDcYD,false,true,false,false,pre-verified-input,,J7jHbGtU2UeFLB37wsGwxiVnWUgEusENaiFSjwz3aQK2,
6BtsN2jo6ijrwCUnMPzXcB8G4hYpASgpHaKWQmHbubV9,true,true,true,true,pre-verified-input,,7daSrBcZLwc1M9skApNQzxfm7WM2W1dzGfs6NWdvuebY,
6DV1hTBVf6Ks9mguQiVY82B5uGPQS2nHddzgL3GhFaWe,false,true,false,false,pre-verified-input,,91jxzTLax3zNitYDjLLWiDgn1uNngjjnoBzwDrQagWZC,
6KsN58MTnRQ8FfPaXHiFPPFGDRioikj9CdPvPxZJdCjb,true,true,true,true,pre-verified-input,,CN7YzcsUcFf8xiCkfxpUVhNeu67yGdFi3H6q3aU4SCrM,
6MS8n87aRsXE5RjyVXuf9wcfARn5ut4m2YhBFE3kairo,false,true,false,false,pre-verified-input,,4GkQwfT8AwS5ZorgscaJRPpkP4RpmkJtvYkNXS74cce9,
6SD3tHMpVk9j9GHRHLifmEPe16YKzeAPsd77Xi2yCExz,false,true,false,false,pre-verified-input,,2HSvwiBBnzWLJ4voVJSZ69tJfQ9AugkYSb5Qdf3yHn6E,
6TchzGfYCmvX7useVcAdt4ewrXdESpPEk2Euyx8Zroom,true,true,true,true,pre-verified-input,,TpjaDN52mwNQWYnKDjB1Ez6GSxH1GmLNKYeNrZQqQWL,
6U1gVgVs5A1Uys9sKRWHucE1o6ZvfDFXrnJuNkbX49EE,false,true,false,false,pre-verified-input,,6cP6wK91Zzp8dy7zuh2h6VpTyXgsJ5Fp6s8qngd9Gj2W,
6X57YpXAZt8cdQxNpgWogFH6x8xM8h97UY4Z73b5vXRh,false,true,false,false,pre-verified-input,,7RiyXWEbB2PT5ReSakF1hn9zLwRY3pieuh5ftWN9ddpf,
6XBGfP17P3KQAKoJb2s5M5fR4aFTXzPeuC1af2GYkvhD,false,true,false,false,pre-verified-input,,C28cwvt5i54m3Qh6bwepob5cQT7mZXREQfSJ2yyLuAGb,
6ZHDCwMV29d8N1bxeKAm9aZMx2nW2i1SA416WxxvMPtT,true,true,true,true,pre-verified-input,,Am5YA8ujPpyffybbKuzWvZB2F9jrfDiqXkdRHARCCWL4,
6bdJpVRqvStcE7DJjdpRRHGUSKXE82ym9KMYbeKxC6td,false,true,false,false,pre-verified-input,,5H2hzgdTVdpX5uPJ5yQEVRTAHHX8mCgtLDGomUjJLzga,
6hFfJP3EgJe8mL9rhBjXWhruJWHBaWnt8gvej14xDUuz,true,true,true,true,pre-verified-input,,7GFg1SuGjR3jMn3j4DHhtMQV6iQKB9y9vT3dF2BzNJf4,
6jmkKJJDo5DBLC8vgMpRFAYWdQjfZX8qqqtMnWbSzBWF,true,true,true,true,pre-verified-input,,ATTeDhPi3u4ZJwDt4d6RZiAgHg8GodvwQskGd2FN1Rx3,
6kdiEFuiuGqQ4cRThwhQkspHraygd3LKzqzLuLMiZZMA,true,true,true,true,pre-verified-input,,GhkF3XT7s8Vt8JE2ppdMmkqgPgAiYzUc7uaFFMe4qhHJ,
6nGFQ3vek6SST6AhmfCeii2pj7GK2yiF2FkgeJUvXJPU,false,true,false,false,pre-verified-input,,CT56eC85k51BVFWNaDqGmRzNadmbcGudeSqCJz6mt17o,
6nTTJwtDuxjv8C1JMsajYQapmPAGrC3QF1w5nu9LXJvt,false,true,false,false,pre-verified-input,,CvoLbWsNpM5DepVdFiD9shdSqKTYqmSTRopzjLNXWc5v,
6ste36Y7fcbzJXkVQj3ApEqYb3wFZsZX63gT6wymhy3s,false,true,false,false,pre-verified-input,,CfBwiyMMumSbRPewiUDEWNGCpsEB5XDSUb76yEEZyBqm,
6yEnqdEjX3zBBDkzhwTRGJwv1jRaN4QE4gywmgdcfPBZ,true,true,true,true,pre-verified-input,,4w25WVWzY5khzWhjgL9epZuGcLDq3wXnaozo7SddetqP,
77dv5m4NUhEDX768Kt1bgkAu34nxaZ51sPhNzN6hamik,false,true,false,false,pre-verified-input,,GzMiLCEZVNgAGH6Jwnk6jsc2PDBz9uGNyofVPyQmAH7G,
